x1,x2,x3,y,y_true
3.190976668007723,3.0432628007262146,0.6026497420040844,31.344704491431976,29.333900075625156
4.957298877406291,4.927363412692969,1.4709578318284477,43.77590607447482,51.38764153788234
0.4836472772331185,1.898271609836141,0.6030666255627404,16.677676917888384,16.511112292968797
2.533521708848772,9.925611314931551,1.6502379995290961,101.32854418731573,103.09492911010008
1.982194757414777,8.296595829021683,12.402241873844531,73.90085616005855,76.85771309285511
1.0300811802332248,8.436257563451491,17.522488001194038,80.6419684440317,77.06957973072745
4.4168441168539125,2.2457651423741334,19.079388171355408,20.8322290282209,22.29791485131079
2.7024143994164533,8.45440008190926,6.57475573041398,74.60711604349062,80.96240929206422
3.0610223027918733,3.789098181906634,11.633376118368407,30.399126704107992,29.72299086839476
1.426807937960188,4.3976189112245105,11.66001663012973,27.79804988018418,31.99506180935977
2.7802951161076646,4.79469349725217,11.495020677727542,39.51983636792588,38.378419970307455
3.6683788614562705,4.842085369518784,12.973625297605638,37.1986488348918,41.355744535484014
0.9943755136502608,1.1034672551803797,0.26289122705265955,23.715976180813684,14.372728947725028
1.3238200059004546,8.731459534912698,3.5734616905966887,90.95617654119465,82.98467123952564
1.6273024885351905,4.94780244512735,18.98252023763748,36.61467785622183,37.35221414119542
2.5716356598434897,2.5859592114430745,2.4411932273050874,29.090707517189486,20.975945851673192
2.2793583790550898,3.7712398480570624,18.60386850940261,25.363839241940966,27.45829982726515
2.472125213830929,8.921987493400962,12.954657579900095,85.85250721732969,86.04200644339518
3.00750453535993,2.936932129811309,1.1201875939845274,35.24567162525902,26.476244805651362
3.933045397167157,4.156328028441316,9.78286103441597,34.04102034973094,35.992291619528295
3.67549347189947,2.8175933769778583,8.32962077270542,28.003319967996102,23.960615765207056
3.0286979737908015,1.7030999152765944,13.104344370874696,14.629809631204761,14.093681751362638
4.010081723181928,2.7341336977202677,8.506040841363898,32.13293803942173,24.560903665944963
1.9005099763333544,4.526458147663041,11.197096093450172,34.46532119564665,33.988055641283545
1.7581927514244562,2.7450431631519625,17.921622476918113,12.692590672579513,18.213325516358243
1.0973129496414873,8.973847919452318,5.550963733550542,88.48202225008666,85.27577493620589
3.6195005649146292,5.020780614359851,1.46433788595268,46.965977793991904,46.315716644726514
1.8849717675866373,8.100646140234508,16.85760472004526,75.14130841126567,73.97819531710276
1.8845536311230453,7.488911770101384,14.759288371585324,69.21970885103669,66.36694701822255
3.1946981378217574,8.147770521105677,0.791149684654946,87.92985867726645,82.53276820127213
1.7420628861360448,6.222137784115729,6.044720691713083,48.85431110351056,51.996141345384224
3.38860053686929,6.892602023796375,11.01560130361749,57.25087423607616,62.87621433919287
3.0616644145914074,2.1337455117900994,18.63991094147174,13.443850343761662,16.66573180578355
2.534566854373902,6.114700311369097,5.382958117303631,46.47174303949168,52.44007359519327
3.206507958962475,6.615698651494258,14.648377252316449,54.554009204426066,58.89978960661033
3.165830911374626,7.64647596077038,0.26043815493966616,87.22160911543321,78.46208927671923
1.689994365558165,2.7703303326112967,5.285831745566163,17.19533234118773,19.35593698860462
3.2934592490956622,4.392053893623365,5.94373322777181,35.00337514538939,36.5210099651459
1.1114636323348792,8.45027951188389,9.45691581823766,79.12677205902504,77.7692683052717
1.3021189262094157,7.339333561493556,13.450065714267582,62.44316094806452,63.70836187207988
2.7829959166822746,2.156937111527923,14.348419569516203,10.586057062472861,16.243057238442848
0.833018710793208,6.162947215901413,13.83791835767519,50.328547454033384,49.3638969044569
2.968491935918258,2.186838603239475,15.381282517768447,15.115728055118144,16.869190197970187
4.29710518750597,6.2448592911163585,11.700602580356707,68.49867262934842,58.76067461843532
4.271027369614512,9.622972040922392,6.702025481241998,107.96946921147371,101.89274608272612
1.5972730023309851,5.144315690777971,4.114039991369771,38.009901324218504,40.74782467967222
0.7798872957562114,4.509607451113029,6.774040983123514,36.48301360585725,32.748104247861775
1.3486378407924344,4.117339092742104,7.32373207168253,26.23373911537054,29.695287570878303
3.4142079970458497,7.050218962938056,13.851234752957717,67.93882680000326,64.669892653965
2.815601192032303,5.326862968778146,4.377544092410355,33.05296359722951,44.91086087890301
2.723216491452839,2.351218058369234,7.027828742774373,13.86906239316667,18.00582183177414
4.004124725587154,1.7860431460845745,10.201737016495258,20.15625879219285,17.975901867396754
0.15869171788630065,9.990599513183005,7.865040179467771,99.63827842247878,97.99368573728815
4.435149081823023,1.0948658570317995,2.920656993235673,19.267352991331656,17.776929743744788
2.440448782010294,2.9437843993890485,12.64008107435023,23.10262620415846,21.194084841613538
2.124757407565279,1.319989031733653,1.2875350912961236,19.72916173702241,13.599994208826704
3.6232123933088807,2.5793365167458338,9.823057225576992,31.52651803422423,21.87157343323564
1.2765869539468744,3.202314783009448,7.446358702691858,19.497014797495005,21.708278474011866
4.598221887421878,2.655975077353201,12.865139356228896,32.84703176840713,26.29081351092877
3.0546902655840746,1.9830082133605247,2.9604588048690283,21.284070447751887,17.689433137218685
4.132022889743783,7.3143516676814215,7.1626119743091765,69.2850197491298,71.01347297745367
0.43875757233600376,4.111167686982348,11.839459109630905,28.590593946201594,28.169969038772813
0.7149688310375579,1.3708245948083042,1.38947801324099,20.00373128062553,11.662141716531904
4.524985275719448,3.6732642394668766,11.93262014502485,34.998406030370454,34.11433359400985
0.47624346513098437,1.02244827309021,2.2731572029884473,7.122297885950175,8.57643867073539
3.683900858431844,5.329697302835393,17.343694539984973,45.13547242718549,46.18727840384171
0.06038104220150664,7.993994123898796,3.2131762736314795,70.0711608963526,72.22822211589944
1.2921566554422532,6.636188632291496,7.578928378690433,46.39114780961465,55.80522464802916
1.3726143068061107,1.0725865234031744,8.132090594156072,0.10359195421273437,7.890736049393454
4.212800290506317,9.653128278643168,2.024266062136142,102.85726768612665,104.06809876626734
1.5607296548461325,2.6387145315334277,12.803904704844891,17.855186700051643,17.31735870403787
1.0780538426402315,3.976193894055679,6.009566619732125,37.61423711274892,28.29095884712434
0.10589595759704418,2.8075751820937533,19.061050908392794,17.375967854034922,16.697982651609248
1.4562594036653365,3.3713604024756134,13.82523325496658,27.668609002137124,22.826289532416666
4.342745106616798,1.0422258052587905,1.6589660881186896,16.427702335674,18.31453630489186
2.698867894110137,8.883951600283531,7.068169738452081,85.97852547487643,86.5645389514866
0.16290571262639164,4.240811308825588,3.079158956384498,38.51387552981689,30.785751261973473
0.4352350750031819,9.146545113244835,17.22843311024944,81.43636565747475,85.91531905590546
1.3183026517820307,6.013157124265995,8.794699321614134,48.72274404714007,48.645656443153825
3.8557017724349447,2.04899923729075,9.069455106391807,29.013734514667593,19.142597173724113
0.9826061263588776,8.74901978407589,0.505808451026315,82.9087118751702,87.23941315176468
0.07639776882890803,1.6911268306010991,18.491024297440894,1.1525491668911165,9.172711386510173
4.957045901998923,1.5429020523800434,12.626241499713586,18.554049913771273,21.0097299064513
4.769444184551594,5.178024662965103,13.855150894819383,51.89042310670881,49.49757299151063
3.112805348338296,3.777497875464169,11.832595104951553,31.338945742368892,29.7515760118985
1.0457647642046415,4.158208255095651,13.344526828159642,31.018070947152363,29.173762911463637
2.9300509502149916,7.028193197221073,1.6754228389492742,75.46243092177029,66.09152480457651
1.174711946549936,1.6573093771344765,10.519984075443997,9.834966444065579,10.4683641322012
3.2851971357895335,9.006718186007149,10.032124195678199,93.08289256423234,89.43979923528633
0.18864146166736484,4.2537594812268305,0.3003083943664486,31.902804156420352,36.16691885957422
3.675849228501459,4.969653591275161,7.212748858856115,39.71860777868735,43.155173300801586
4.4645293619296345,7.379884980416214,12.214520792517131,74.52657518502332,72.8300444384561
4.021085995892836,1.9818943423782338,12.164755931508374,18.658175118229877,19.11989264129575
1.2218097171445363,7.392032303466297,18.980986241549292,64.16021967262618,64.0539650203076
0.42301033806429245,2.1304542503406,18.16886983529212,6.552641042215508,12.219284369313504
4.840489545975487,4.269173232258293,0.453990753649931,49.0347199339328,47.205149303045836
2.2935765374896198,1.5634930699243872,0.7708585544904611,20.138844997712912,16.51764296721415
3.7244475767982617,2.2142652637198283,15.49793998452011,17.77192882422788,19.363117421844034
4.726332741704365,8.002281642821487,11.325738141042965,86.80808795897973,81.96840084419452
1.2939614731792353,5.266576115718684,15.366316818645242,46.47913115318091,40.225781924994294
4.971519735338092,4.319659988730181,11.681401973047162,25.548202240986154,42.3329441173733
1.7222311684396008,7.450940590800642,14.474720116227681,67.62712792436018,65.64441378300754
3.125400619681828,4.8873235571880365,15.26475947015612,45.38171163756511,40.01027739405832
3.9208690648182767,4.413286438353673,0.4606283553741197,49.44565359208732,44.257855895920784
2.736358612414013,3.5384025125299887,7.833841350621449,24.067175052696896,27.0755337458611
3.4035682453903355,7.534542734666874,7.9543316013558485,64.42407203400776,70.96526833145758
4.496866769523214,4.17785726096375,13.81909913201017,34.62164575908531,38.377324641430896
4.606203121114209,3.8875788001454086,12.837369956466812,37.54038344191405,36.34239458517101
2.019033802206962,5.696536180254182,9.025281927439968,51.786669641831026,46.27105996963964
0.10680875016132518,4.703673095025543,11.05274788382644,32.60026119458759,33.52089732828086
2.2424724197352126,5.56912607598242,19.61154630298613,47.923985126483394,44.817316603790054
4.360058579917811,1.8366987423564025,3.797859899028284,24.22547113459938,20.992437701889955
0.11924475477600172,4.043380502015243,1.9713932524188937,25.52386420337797,29.85461328224977
3.739359094127055,2.9744656833954246,14.16201040148465,27.996915640565422,24.974712033238514
1.452681098649693,4.547579368193675,14.460838164782277,35.536960965251836,33.315918174555634
3.6992080441522397,3.3664112484800337,19.755457725544993,28.65539532293993,27.794764051369118
2.2690574668665144,2.206970750085863,18.494938931351328,17.470791822730323,15.305747861669857
3.8170185414630566,9.069341600408405,10.041806329241263,89.54027187719296,92.0504741517498
3.26491005675852,1.747824036081549,12.67566799168353,19.678663644458197,15.045865190282013
0.6722200818044277,8.088540327588365,16.20609682754735,68.71198109235988,72.21050433494132
0.895064561532038,7.335005111182852,1.2644251454955158,72.58545665212043,66.87379214748479
2.5687292933588415,6.249964773612741,15.34498651797892,55.94914783931754,53.07450964849042
3.909467235212143,3.6083207910027846,11.176194083040956,30.662995643914034,30.93767224581303
3.422368093088854,2.493364493554399,3.9785863074230754,18.749137452327975,21.68238219947055
3.246889972810534,2.366937646970643,13.12400621395417,21.259020207991508,18.96198191504758
2.132999467546029,6.825045529749646,14.175330289620993,55.02272282997436,58.84411512776678
4.8823203293918995,8.58676254429747,14.190927995512563,86.8361084416663,90.24271493963008
4.79262884804732,7.972048645293257,11.501359734361728,74.71122049488204,81.9284657696023
1.090948005280716,3.547786125773101,0.9611498466754109,26.909877348949085,28.240609900244614
1.7324632004700797,4.580578243037847,12.6709658987381,37.911510730976104,34.14128264491112
2.7496380783792995,1.7097685177157722,18.930889140619403,10.619442100068298,13.216179414882973
0.14677798796362107,2.8842398215081935,18.548102400739463,16.439771426571657,17.327453060198717
3.0597971162788804,8.366112393712642,17.837496264656604,74.36708768776644,79.92684599335492
2.0930912029336834,1.4467279692078185,15.300010364684928,8.48564816193157,10.453818959574857
2.9560331507778974,3.435174871967054,14.269244726938254,24.226767978527683,26.279876861200535
0.9858031248628424,6.447735603236232,11.362472774706045,58.9298902557799,52.89268223180949
4.966766007105289,9.954896535950175,16.354872907306387,112.1843643107992,109.38638552298931
0.5458839638126756,5.679950991216602,6.700545599599776,41.47878509238289,44.39714437818155
4.421414388086321,5.374035573390989,4.237461799329257,54.80166738584666,51.00841343548468
1.525228036253462,2.671404275712258,12.484877799742593,22.10039519075102,17.521544909837424
4.546749201542305,5.784816950811029,13.072505136104093,48.98333941895352,54.778593644580106
4.668934526402387,7.684821012549623,1.7736446920682791,82.25005184402255,80.46096387176699
1.8452784124269128,7.404731836838203,10.1238099249937,67.7806691004701,65.53139641898942
2.254909507043463,2.406672630081765,15.068197942979369,17.151585732087906,16.75196511768369
4.112732749352274,3.461740686294328,5.551666437020948,25.962983636940265,31.211802107685358
2.0117532665833355,9.240569348101486,11.405334771637502,92.26920320611508,89.54745490714983
1.1995748563888102,9.450910064555591,15.477066127216341,87.5939073969939,91.00140920115332
0.9319451952580621,2.0658655980539806,3.971172540202046,14.064369251449085,13.823001943408958
0.4512659766282995,6.2338337653616565,8.69029954940174,51.1798886199352,50.12085491277464
0.05210262648940256,6.1385932730088815,2.8352595241716805,49.840961126915616,50.27678114738126
2.9961169500469884,2.1383762349223323,16.811967592386775,18.351341670463952,16.57231162281072
4.9356319011584295,6.078749555080585,19.472589916843738,61.06268781412063,59.85262158318373
3.3170952266942573,3.589640472212647,8.439274278607217,33.84671136300188,29.000789084602598
0.24705892919756944,8.268156318650068,15.304234923081822,71.9258655662863,74.1448477040968
3.9183692049901033,9.143640495369318,12.817445582846723,92.5951434905868,93.25841887354062
1.4330508692704864,9.81740471907726,14.815256778554541,97.64088756822754,96.4620931942994
2.012955642066842,2.7587889562485772,18.950537152130508,29.964505863088277,18.722164409139342
3.403430211362544,7.676137845467804,4.502090962672378,83.9020693665002,73.42273961000352
1.291589226636639,9.341151083636403,18.996822109353758,82.44952792556238,89.50174782635735
2.054545324890384,9.579259803619168,19.437639953309883,96.61048748961963,93.98307397042764
3.697065720048261,7.335806298126364,5.724237105472588,84.68420864818424,69.8691627241939
1.9044802609326812,8.715410844586678,0.4574662894270243,88.70942933435131,88.3340255134679
0.4085027140075326,2.3991086388172675,17.59161287905993,21.13845014369428,14.0408733074823
4.367053069605247,5.139707682967587,19.46482349066891,50.70803042672295,46.917897421625774
2.8519065027181574,8.699950507924898,18.134547822178455,76.71544471265736,83.76420538538069
3.1026928742059874,4.254670386813126,7.289361949920554,33.769495934274715,34.45317821841221
3.012830735071583,7.786807921636518,11.84157387696867,70.20424130612633,72.64003974073788
0.1373939463240098,7.942591186012445,8.26705105311766,73.50137518561506,70.3449520617285
1.2396258091568297,2.1036250711087625,7.709636880817534,23.610212722717044,13.585158136669586
1.040041052811479,1.3887394758161453,18.45287509246959,1.880722264894354,8.455555749211193
0.5318920750445422,3.9864748384188093,16.616337178010994,22.827581636808237,26.920198981232694
0.8905872820265986,7.35863138975134,15.024007232364049,63.323620106223125,63.36478045273118
3.5853223960598486,4.873708103530625,16.627730753119373,40.60560622722185,41.2375556473355
2.347319553752103,3.05802686680693,4.005878757117786,26.741451160495814,23.155039465210493
3.136785315566675,3.7610525902996943,19.124147065179347,31.852033019230376,29.392503784347927
1.350495165886274,7.377037466498569,0.4473691666741697,67.35423272917755,70.45143633978864
4.643837605029917,2.319385360115011,8.650430257204428,21.222102966655207,24.449010868056792
0.9005511793760396,1.5102352563797656,7.686737864750411,14.060512824757357,9.58632918393312
3.6703407697237598,8.756391285330047,2.694657708288699,95.33546204983811,89.12252301853438
3.9210157346956658,9.896308176025396,17.064209523343308,101.99454930375913,103.54816965177494
3.322052467622486,2.5375056007111096,11.686467078281161,24.710283029642017,20.467814371121186
1.2239899495573414,3.847521318722281,12.34704779120981,28.378774969556893,26.653397234208445
2.5087207308169535,5.930200275611124,18.58430506644058,49.98467936795573,49.28984970324355
0.06781268559564957,6.406691515891425,18.12824634340992,48.24250180447249,51.22656201434695
4.952920783672138,2.437025613367111,0.5606851485660402,29.942085191168772,32.32316599074501
1.354820685486826,6.417739684560461,18.855621611721407,56.617618543932835,52.716950527151795
0.19703666219131777,2.5304972006392363,3.6240974505700585,21.822379194200895,16.40278475770053
2.035463714178587,3.815934670554867,0.3858783069512439,36.931474154613234,34.09293164311169
2.9106459003375744,9.745819895225079,12.744993170272743,97.84960167380183,98.40899624073597
2.629873986062203,6.968424093113929,0.18224955000707643,62.601323414537966,69.37016953602222
3.2828036148747457,3.0482127484999326,10.805293900450344,23.960609935972126,24.248342632838668
1.9095678350002827,7.857173212012369,4.240091735138409,66.90188274475149,72.2738151993347
3.4683857663850413,6.282296722793951,2.46827322980095,55.77990164221473,58.13057035391157
3.758966202051125,3.709270465586857,17.097121853162452,38.24571322773035,30.979727881285953
4.717191707792131,7.499274194353911,0.31417750043189363,72.85381993121368,82.41661855668949
0.41681689139170586,4.486539284875368,17.445441666409693,26.139949040969675,31.414427746114665
4.166859132534534,9.795435320179452,3.142540870824808,106.44851429719823,104.97603448519881
2.406867053214536,1.004643008801914,2.8616541137647955,6.321946147205694,10.848242047643708
0.5088250409759382,1.361284120537406,8.201422577752597,6.955595336043672,8.303029588707641
4.318714028407793,7.051811880821546,10.19947187074454,73.50015076620114,68.32466077722289
4.598400377983462,5.827589615929348,4.1014444498422336,59.01109310241069,56.74935566060436
0.6276692280086543,4.996859456348744,10.028660544027659,42.92551352077526,36.98694612181888
0.8967630215746558,2.410738878553052,10.780915529345537,18.0367418883261,14.940920387228168
4.862317026292267,5.4661795348463045,10.201865173321984,48.760673095177765,53.21850568418428
4.39636235693253,6.7942385148486855,3.419725215440279,71.39729547296731,66.99965376219889
3.861149578194017,5.135801555053567,8.685710391619583,43.19274494687811,45.320062178644136
2.5429451902322935,9.379653123422464,13.173002845212432,92.16023691091576,92.41532110913941
1.8545108257636256,7.6535820103959535,6.5454881236386,75.21966431972224,69.04588857110451
3.0083909918341623,2.615673810759816,6.025511504244125,20.776699710670556,20.77696544326164
3.4085917246565574,1.5626981534035864,8.391735940232355,8.099586395012908,14.744468219731592
2.678560042818333,1.8487414604405272,6.592195101850709,16.971379506033088,14.69732448932457
4.920943771277005,8.973949303517967,10.80682846468754,88.30623014119526,95.81364083097952
2.5839407959297036,9.607189487003442,17.95470096266226,84.80758308687324,95.48357236403659
2.2312779730475,6.22142109515385,10.714936730663588,51.69726261087521,52.28997105199043
0.9293444872860396,9.182504194458614,12.031218844382682,84.20916137270294,87.14414840834914
4.578457376080769,9.326644284700421,1.852424987611081,104.5099266782159,101.44028674271631
2.4263049075663288,8.388986888934985,7.988344129211242,78.87712958736688,79.28414569331024
2.9215029986123304,9.045292980583671,2.2787199395705793,96.08800700807045,91.0971723938447
4.862800711374446,9.926235114050074,13.509288502268761,115.72882149944901,108.49873515838357
4.307143214052566,9.997790754310516,12.306210909253629,98.85482334794081,106.78943792058946
0.10199344253080944,8.381725658277674,14.735356874400997,80.11841189864766,75.51712367306632
0.4175696334315604,1.0795087640884622,12.920110762773234,6.047695132389522,6.446769199713815
2.9041711583400467,4.748180847534,9.82606287050466,42.224029694058395,38.35353214690535
1.365239497010019,5.684374835089603,11.732683530554445,42.98256114207479,44.8963138505934
2.1433112612747296,1.133394981258722,12.417941903076963,6.527957759635543,9.07883555285631
0.1416081377057299,3.7716455625150385,13.746240565851622,15.115420189519163,24.769122643731507
3.9443234880282105,5.175449439180439,14.91195611576389,45.21452954129283,45.63819084255361
4.072366201202787,6.853872484419075,15.576293603466736,56.28538020711509,64.63038439650059
1.7252134224965365,7.453608438978227,7.473448300913086,62.38876693484775,66.21588294316724
3.3949348847561778,5.275739268637985,19.595676177691807,52.71674481254156,44.61565460553469
0.00552351215090896,9.128837529993108,18.61848912505665,90.54239352916751,85.25966349159074
1.8147125745581323,9.54216984276045,5.810374808191239,94.84098350858659,94.0299074496083
1.248435023689149,7.632106277605375,5.368600941432023,78.9600354663823,68.11956431450031
1.0778790714704582,4.681027090301134,16.37916536147991,38.328739671767146,34.0366226169447
1.9611668529303228,8.979438893795805,8.825427514056985,86.19208436028799,86.12282734424753
0.19780561549618103,5.991208378698627,4.05073796943811,43.44395873567612,48.13852538148126
3.9836119343187244,3.935480886688788,5.202710923840856,41.309395435263596,34.87521486459418
1.5137544262212717,9.781558805593619,10.894344842488373,103.18799476893136,96.28197317753025
2.230210906962766,6.788624309738619,17.58416301007332,75.76384876355701,58.481772545921494
1.3258389926953447,9.301153352084537,14.424538171867358,91.29399541871784,89.14671567627707
1.94049069797877,7.5787258595638605,14.59058046534875,63.392357608284826,67.57932124539002
4.178401079159882,9.94711563997475,9.644569993475736,107.78999635747822,105.69501324565404
4.200678428655754,9.131954397615571,12.711031101797508,87.20472612409462,94.25126219083111
3.981940176919978,8.472272662166361,2.6525233704888507,85.11095524394946,86.55375600157888
4.5544798792198975,9.629622597588826,14.095452585139492,105.34893196555285,102.67518215272872
0.9484581126335212,9.838191922184903,10.58728931243229,95.90063565048779,96.36088072719441
4.950857573415836,4.500429426166553,10.584160329435443,42.18622733159068,43.99562750332214
4.1170094103577455,5.836418578289724,10.692979348182305,53.23701681052919,53.53599337970833
0.6179793709745074,3.558527184247179,5.08508675579149,30.17254615999409,24.3426910882448
3.8194377630156207,2.3486318007945455,17.51474504776269,18.154297910242438,20.553945010782506
2.4021932835082405,5.712972676390523,11.399092000121527,43.55802115803655,46.99963117358192
2.636692912499651,5.425751100629968,0.5553680107360348,47.80227876324439,50.086442416723415
0.059599425118610494,6.843104217150566,0.5663861187970465,59.367662323498834,62.13567591957967
3.235739782647352,1.0229418705608295,18.775256960546432,12.624423350383672,10.906363244267018
0.15892373948826588,5.8531438309224315,7.403916707528717,32.88065219085003,45.803197688915176
3.355781279544661,4.749787094638964,4.588291100048694,39.20447222976698,40.50029335220815
2.589663924098921,2.3315129833391834,3.655380702758706,15.969419348818883,18.463306183500997
1.7869877080722714,6.836845935305506,6.01259318467463,59.94065034671986,59.14318947964234
3.510436737223628,4.7306238978030475,10.66675083076563,44.01463149793166,39.86878316258416
3.7141806144908602,4.622568941178171,12.573218997447317,41.05722400196458,39.38840562281624
2.726432181523183,9.071782989797523,13.51927266294563,88.21273735618297,88.61169671667864
2.802569849020643,2.732294377717371,5.823224237927745,17.21169068510222,21.150759026095276
3.5421345147778,3.8990818378315906,11.766995226320471,34.1586987255228,32.129008708270284
4.641971735844561,9.440786167110128,14.958798578314912,101.88156315673486,100.45578499145344
3.2143049610306744,2.568846079967752,2.524538168140631,19.561784058604122,22.423555191061997
1.1773570065045802,8.901892447720288,10.468090393514393,82.41372519328021,83.75415556035041
1.1423023539180104,7.400226215796534,9.098502247263646,65.06904052891898,64.54195217630821
4.706595049763868,5.849669095135099,8.358067098967242,52.87968267884576,56.65441417575896
3.967591518225431,1.2613157423519263,8.903340940659524,9.205379054690257,15.037924995709357
1.4685992858787382,2.2996541084568167,13.48749397312276,20.386128966050048,14.751009331821406
3.4721846243860455,8.843849047537187,6.649666571302067,85.44711368780834,88.22904149231431
3.8980919935773244,7.329962444673619,11.388847850784316,67.70533959128932,69.8527674454356
4.169585648504064,1.4122254903843379,18.057480225640514,22.51148388779778,16.160822479079666
3.658284947235957,1.4519839861433117,7.2038509332040075,18.690104805242783,15.108293845233849
1.2841827570377118,5.40589559656153,15.860299071344539,41.97037664253729,41.6430132728401
4.337884739589236,3.453003405106366,10.54822438885833,27.546520564613537,31.454915407403906
3.405783609620455,6.0113875343066745,17.43880672660118,46.84473937367474,52.5691654922728
4.335745021296842,1.1312816351241497,15.837616146961658,13.963554335016383,15.533559577851749
1.1840925746609987,3.975152338017431,2.1128476051465306,20.196199607947,30.20085935700845
4.128319515539754,1.4282903558966822,19.938834293758244,14.85851908097123,16.0262747069142
3.5595348823799204,3.312400306905754,18.30383650768296,27.59253752531072,26.90959695484356
1.4946819045394495,9.980616484774469,8.118579250411864,95.90897973062778,99.32578700527647
3.786748999873763,6.160385328356235,7.245918312745239,49.37734708662718,56.17928805953573
0.5907962365693326,2.8023066091197,2.623523276818467,28.050681879262676,19.36616087157136
0.33116038103840617,2.4334511896503797,13.542082548969871,9.503118048376114,14.359138964568617
4.008273921869037,4.525156092150044,13.944158630822221,36.17587944109111,39.48636026166374
0.05056682804830681,8.76237407958838,8.549353592100935,82.75987819251559,80.90137562310271
1.2963690159038803,3.167496033823854,12.422275038884514,26.298259818717085,21.016218841603827
0.20689551934821304,2.24106620865229,15.9773669971801,14.81344185370777,12.826334540401408
4.22269892511005,9.284545038130009,1.5181845037006214,96.89841622835249,99.6716664915016
1.4009824077779054,4.465762746293759,4.994838430213846,34.550755526773656,33.48244309431635
3.61463007940031,9.093171543682283,15.466006113382969,98.57752084143685,91.3593131586948
3.8413022484947152,7.382628014983062,17.864659208045882,69.50635899229647,70.00486934448415
3.834478360455244,7.4244023863469675,17.46409176986951,71.54109171922316,70.5025227617031
1.0022830240903369,1.2859215555513503,11.504196321992008,12.461981760594318,8.1607534058264
0.026826453643236103,6.685618821353468,14.625506334842878,51.53754931996981,54.52169449660549
2.072865637284539,5.575031862528892,5.404610041517451,46.353547297009044,45.63456708683153
1.868660737435317,6.679602643289986,15.089748269705101,51.96998122002677,56.63494452544754
1.062074187421305,8.57074186027829,5.0044243801724715,78.84641245017926,79.99877132103815
4.265803953644987,9.031679691206884,1.2043653279084965,90.94216795429001,96.98182710156944
3.851768191185461,9.295778590115356,12.133526483887804,92.80535128459256,95.1228316227976
3.463208902486734,4.4889856247358,17.10200829853029,38.26707472208949,37.07708899729017
3.408702411223747,3.2535220253969603,5.454246388255337,27.013647678702313,26.974569058048722
3.1855784143943295,6.677726159810861,16.001718836146715,60.714838336100335,59.508410259700234
0.989623197318526,9.872727043496218,0.6229385161448242,100.86359737203465,102.19593248766549
1.072643743212518,8.578846002377814,14.488149001774842,73.27376748616234,79.09873673442075
2.2047750276296925,1.930273898368793,14.376636270746033,7.545857231565478,13.526792630032599
2.171933977640679,3.969136154229046,19.39078600707788,32.114395682847665,28.98115012526151
1.666553986052795,9.159895092097273,1.1460193810179575,94.42328732957603,91.7232256284098
0.18013220868557223,4.807521285997092,6.274886647802067,33.846892693905836,35.14701697522519
1.9561693137797886,5.68087734073493,0.9890983777937579,49.73927142873891,50.02154439582405
4.794916167579182,1.19600719266069,11.037949228338936,29.165011184062678,18.36884635612152
0.35043003556867514,3.734513193613922,1.8432334039042186,36.13869855647323,27.468781227554075
0.008187484504172948,2.4584901740253375,10.940679548399093,15.575717002158019,14.408457032081945
0.6040562896270041,8.619782296609818,0.49569062331316527,82.19650936199913,85.15416248425598
0.9075359187738125,5.984188492319473,13.19173897652451,52.14703164395018,47.49659298724638
3.3922438686467107,9.802758015363542,2.0694700354069573,104.39136590693708,103.10155342614814
2.156500865170276,6.322625121730129,0.9667649418605673,56.243743030981214,57.51752066662564
4.45537752409474,2.767035639900385,11.06498268315908,23.923359513243625,26.522496398294308
1.1824252774728417,2.2508174328148445,9.250600774405012,21.455597134337424,14.315577585027587
0.2639455432669918,5.053512984587419,2.1370217196184793,43.47947571524732,39.49136485496879
4.946462323503463,8.326990762923325,8.315654389419187,91.48019009446,87.62487129629854
2.7843132304308815,7.25165848127625,0.3287925417304871,72.75507828393995,72.20075954563697
3.2579213317887272,5.098624582032831,18.22671380367687,45.52525603892227,42.42028057925742
4.169769841544666,1.2374584404833762,18.563218437049333,17.568183624753534,15.24298287071448
3.517771795373937,1.257892424385831,18.61325233124567,0.7968164432053193,12.910517302681264
2.177119654737594,3.210362477911341,4.995893879360791,27.02353395157856,23.702164901896957
1.9109564356510074,1.9438613973209682,11.411599321212996,17.036214455759016,13.231570204092534
1.8367221514896208,7.896155279939428,4.0767948644504255,70.55205668607852,72.70423516531346
1.4561620040662493,5.906130697140731,0.16523638434224663,57.980274641609135,55.22302122282418
4.9436533273188195,1.4371768368071178,10.668810024715762,16.36219989311786,20.47450656211423
4.540072630256833,5.698530061743412,18.06806019916101,50.28901233163563,53.629134056347205
2.4130045441132317,3.333107850275992,9.90747005244826,11.457163638943694,24.423003843162615
1.1383524708066566,2.9643046166610403,4.679207564331409,31.871596755031327,20.225299428581717
2.4363055209923834,6.236216738320653,17.5642064620084,55.60104945632284,52.558496462381925
3.8790888660831904,5.912259955286763,6.38684762924618,55.09669184438571,53.919349264499644
1.2308447470861812,2.771470643068472,13.51324235605752,13.12516451575189,17.80291189783785
1.1059828750598517,1.1600074286479838,13.016635288743037,3.001498916961576,7.574403751604976
1.942588338724014,9.542978829294345,12.419552063595052,93.15767899092363,93.53489704508617
2.1276075099202534,7.5556387980144795,10.988722348043973,70.32420695804107,67.82403089891103
4.363852909335609,7.941371904752869,8.487846726624644,80.75435708688133,79.64938785614349
3.3013895111801688,3.5299912153523896,19.631682329383587,24.430519150849477,27.87242589637439
2.5615155965716268,2.195773122090681,5.02813459861271,23.209898372752626,16.99206735718852
0.7495400098238136,9.67427115814293,8.21177343762631,99.88154455952245,94.05586828470969
1.338137033250676,7.047310745602624,11.959492667592734,59.868557218743874,60.31240621697733
0.9776290841576307,9.659104953555271,13.510982346283594,106.89764194234512,93.70509135349053
4.351963716933052,4.820777624868582,2.9775701804269694,50.36677736418391,45.67162598682706
0.4967433295506224,8.40486689033467,16.48077498700947,71.61408759894896,76.11170558183623
0.7341041726395636,7.869591492013798,19.42456258965324,67.1903179946538,69.40141734717965
2.301272596075934,1.050270324775545,19.878160299991478,1.7457020695068888,8.729141558490957
1.351641222714302,6.536389355080688,10.008445658170533,55.54033384668998,54.476172596295086
0.14115156815377228,1.92632478790216,6.8819172825255,6.497439953241774,11.40565680385391
1.9714857848842648,8.284017327134556,15.823751779583672,84.36181413254924,76.5240990527006
0.17825737525372476,6.5601589456210005,14.637404807016246,58.03534601139166,53.19453129110411
3.9341731847771086,9.389911446140164,9.899203996084488,102.08236965042086,96.88654420813437
4.259834811558256,9.441810618551317,8.953879591891663,103.81206503882478,99.03273516848914
2.1009998566183374,2.2305203657156873,1.0782276002617674,13.653881228811281,19.440177134199452
1.9862148878282122,8.220433325394527,18.356699746340915,66.2199830168033,75.65037114716645
4.093015818760777,7.749832522828531,13.47687841555356,74.24111219660759,75.695494822024
0.05167233230100876,8.933232554403926,2.5159587023047436,88.21440334851306,84.98625577186152
1.354996028704828,6.581369172459628,19.005471750912406,54.72550334132105,54.59062990328261
4.0054146047415955,5.153798701695835,10.179199808306556,49.48358928425021,45.922491114612576
4.815540635282931,8.339603293797747,7.986573992880814,84.58366038775651,87.09000194421533
0.8235101942469358,7.698481381742373,0.05134471520135797,75.5641674676053,76.37284364888467
0.7543105891749474,2.893948300918664,8.861363756016086,7.880830709800739,18.487649922498143
4.1254397943483125,4.885730410766666,10.73238641436151,43.260487946149595,43.66593211798887
1.809243142180701,4.904283490915588,3.8227138060386867,35.126753394139385,38.7801224632249
2.7025183301937554,3.314153029443184,7.311033296037779,33.66741662452354,25.19857766368161
3.8040948954878164,9.986370205791802,14.438261650329416,106.19203454613006,104.48162275014857
0.9104176798342839,1.5498510735135391,2.7528083959950544,16.898116643808343,11.331669385082048
4.92790474786745,1.1405309931224556,8.059057600911768,10.689168028045515,19.116005761768196
3.8714149755276366,5.758797975492263,2.2237775758407508,46.7644347740945,53.970407249726115
0.2601268949657076,1.8019168631788838,17.49056855210359,3.4280656424953664,10.016565973653247
4.898748979570257,2.2874425981682527,13.855731861107461,22.91653763759665,25.24347773759951
3.0565174775273416,2.051522927377449,9.191523557456598,14.816533377046138,16.588540834384208
1.4200385545560146,4.457689914074057,18.93978999576898,26.926754007205133,32.26591822046499
3.8433394064375133,3.994531031569688,8.955165087423335,34.617814889867766,34.25965826626502
2.2574735770119156,2.7620490022846194,15.702725188979734,11.833655659961735,19.30372876900395
3.7475203405699746,9.173580557528242,14.938731054528622,91.25454984051699,92.93649491235746
0.9609070991790913,7.615212402624634,4.6396600670426835,68.77713285073676,67.75458936056133
2.4222062615348645,2.3845733986139503,5.128627878627596,16.119442008440817,17.948503526086427
3.594755422564331,1.4429666890836503,17.10756677209773,9.040266864523678,14.175985267864018
1.5344631693372008,8.140811889666278,8.181182100688815,77.20227606857254,74.46636391814828
1.8161797367556805,5.423117250280111,13.086103136504462,40.095291374997515,42.732859376926754
1.4472086492324154,3.9453584300205518,11.336540760734625,26.23425068398731,27.8885998947621
3.316829891757538,1.6652245940466766,12.588538325908763,14.36819325286217,14.719924581673064
4.378596424567348,2.825278348623451,5.095676328797214,25.789198970387055,27.412942976224688
3.600636686581564,3.8587587486143384,1.394535368383698,36.12811272819708,35.35983427119913
4.449909712663217,9.608462920889497,5.08195434716156,93.83507398366186,102.85505146594606
4.665070414841617,5.341208931754349,4.022858992562586,51.72705514399493,51.94834521637756
2.0419644299001534,3.3187716412853367,15.443701769642498,15.720923223114703,23.272475700611853
2.3249917237095215,2.973518838006498,16.054927602988755,17.59820231981218,21.037855566228608
2.1153848865914178,9.272449485732531,4.447773315997021,101.32258017637545,91.20270880308549
0.8303272722047916,3.841382221776661,5.400050015588844,29.771130464057933,26.93704564271619
2.0934782221994457,3.5880858088364667,19.08654022139639,27.114174558670342,25.508428356323844
2.947350536227929,1.331679614725851,8.267379874239024,15.540467946444261,12.191119668394757
3.463019920855209,6.770287499207452,14.946592971052652,58.58216175397859,61.46681629819332
0.46202587251438276,5.366608393856266,2.392725115415768,40.71170727473201,42.65022427422846
0.3145014151880593,2.8256335709135723,7.225332236819977,15.096629187432173,17.733217111959963
1.111122915729637,8.517169087539703,10.261886794726099,83.13156387471214,78.57721504582501
1.834276759065322,2.695694892520058,6.13295345223886,8.796371111422701,18.84537143955121
0.32736108609951575,6.782956307587324,15.561055152665745,58.88193016588644,55.88045183586648
1.9125146854206392,5.54626252685691,18.081630922846045,38.661032853492436,44.007262057953525
2.8949535103243687,6.646234528876052,12.777263617676603,58.298328879520064,58.49539465903035
4.696586931959938,1.4334961678858114,16.700703721550926,16.887215674383985,18.802996169727418
3.7911111402289728,3.5433659343688815,14.156061537765233,24.5717112987069,29.78171253631023
4.657770214941898,1.676514671585673,15.13869785305035,14.778634422127759,20.019363803599823
1.234550883585444,7.717854873415611,11.629715326685726,59.68011129498326,68.39189330413424
4.008706031438835,1.0843487102319327,7.1308066055852715,18.284057743367573,14.557976401555292
4.1586138543411835,6.5379753739159785,19.200654786090542,62.18473032615847,61.20171963974042
0.5174193102374453,3.746933177271473,14.104966071775657,23.836064200388297,24.880731516025413
4.342066157543021,2.3332273054679686,15.653826435377072,21.280839048210538,22.650993117936054
4.049352409572787,2.1757399851887964,13.247005410573518,26.596076913564588,20.433368843379643
2.255141011037299,7.397997101512757,19.880159633718883,61.55837190806728,65.77426863921823
3.329793246502173,8.296299686495177,6.6312690704896715,75.06349766648103,80.57523484399414
0.2620556839141208,5.97998028687338,6.963549696658831,46.240940506503776,47.34707605673735
2.219413121588052,8.48939617250824,2.1859306171593484,81.37397631471798,82.20374958162512
0.09197109473366438,6.613963581607351,2.4910733672638985,56.1685397272167,55.96803082526276
2.6073962649648474,5.055490578185942,4.856561605060882,42.96637004155385,41.4836150243315
3.1158213599722364,6.370716322733892,9.402147338390725,47.60958716922923,56.15603885992828
1.8474057959112422,2.7034792432842325,8.294574402116002,18.718688567733658,18.5988127939684
0.7025515061913551,8.906425758074807,7.834259457622936,88.83599995518259,83.52095557327446
2.3549026486291296,3.696393182628923,8.247957656289518,36.7660404860292,27.53139665497884
0.012136645085236153,7.328614060843588,18.441694745857223,65.84451461930975,62.04287293416418
1.706536990131902,2.9706966394312806,14.679067786643191,13.895725398756712,19.956503388649157
1.33318310667724,8.05523194635838,19.880201356579864,72.98613244679898,72.47437832553992
4.113944086315854,8.053363116803924,5.1416950211666705,78.64470891958281,80.55880597433688
4.819971293762759,9.629269230539483,9.034413020544065,115.07159436120858,104.38984304943318
0.08308523244913768,1.096871905627301,8.089230066465698,-1.0091501761797872,6.6141044494601875
1.3962911173093195,4.461568997023453,8.554612946608383,32.856857811212556,32.81451820733007
3.087631968911906,7.684602416039315,13.03313933601391,80.54875369607757,71.49744420376005
1.3154993783603626,9.79096787497931,14.198045184218005,87.8337320138256,95.95230541723018
2.5883772234907965,2.500091997088474,12.433887417387906,17.131322774220145,18.235770371950796
4.305567771700349,1.3009252924300472,9.68218432436144,8.601554033375116,16.581529959852933
3.576077071689025,4.805038594258946,9.166384295538176,41.76340387014646,40.94314152090279
3.5172845633376904,1.5494452120505544,5.092155273964338,17.485745454672458,15.59421873666144
2.0774878135807984,4.814303846761083,7.964740297210491,35.43928722838198,37.396631345724096
3.0933002276948396,7.326587298118827,9.135090798024901,63.310033502941835,67.37349421864963
2.1977385869789225,5.070523900394733,15.534879386737506,44.775593335218346,39.675371083140966
2.5524809978053624,6.633541429917827,9.670131099423529,49.893343705738836,57.74446807225525
2.5340704667733545,6.9037992335561595,7.7710894931150065,63.50300463584779,61.070637410558234
3.3717592810401644,2.7631549810462386,2.2466921553199914,20.640563261379402,24.56427720264856
2.9507694379884883,8.533337006508738,7.966576959662087,84.94047814196557,82.40843954181712
3.510811566296445,6.173068641857033,6.992703873055104,57.25098566145007,55.408882401482074
3.065504628730498,4.409335585740737,10.281388097689277,29.13190991340568,35.47965695248285
0.35331127125374173,4.261984519039459,18.086200721218482,29.688335108873755,29.223592394294684
1.0261183775020333,3.886973580563166,12.17219619519079,20.161571349895702,26.76414122124477
4.992577637715342,1.4739210730768266,14.073857095991444,30.02569018617966,20.765950397399706
1.3782705765337133,2.2245289150315686,9.950708051410315,12.213069467272504,14.33778463400607
0.6367592295970553,9.341776628421927,9.300791558484683,91.32513526122119,89.20847312344347
1.711437594570084,1.3623690250063651,16.87237274235583,12.519929754234433,9.295875233534614
2.0274513764204247,4.291125972881031,7.01432299425959,40.72080881958443,32.41523754106356
1.6807414526860214,6.281960072136188,15.804176840267283,45.10309471830366,51.74756129965922
2.7163472298032025,9.695748629845093,10.884124597140598,100.05832382658448,97.34131165891574
1.1840645631199282,3.6669533987795297,11.38950339979979,21.569378280465006,25.084614042450553
0.3121304109659917,3.150855815474168,3.1282948574703617,20.83503561162879,21.467191286861503
1.1182212955239923,5.598043419207649,0.6685723883807615,50.82742513161731,48.85650067258296
1.6251488594189212,4.5919792434808135,18.759009824405336,37.94633282335529,33.85773265683661
0.32169631258283704,2.7542423260245386,18.555358925804438,14.223492732149197,16.498765090961776
0.453529701622698,3.9501030224165152,12.725068166269338,24.07032379509936,26.678742189284545
3.1878097291933094,4.327309908371532,2.464171009774916,30.666605374427167,37.050236326160665
0.4737082532795228,9.000838134281125,11.053606061066624,94.18855346345605,84.25819220488944
0.5701826123312859,4.6890683838074665,9.15067006597324,30.276665822370244,33.95899810469791
1.641970419764176,5.736637421890915,11.85488290249255,63.65486693667626,45.855030843500714
2.5833860635771035,1.2731082823613762,13.462530858331958,9.465009464607558,10.621821504841053
0.9319980769704844,1.7910137552367549,7.513273889830736,15.354461244220344,11.268896517214737
0.5716889808761916,1.8599475684909232,2.379846025223824,9.890620758587017,13.08236669998147
2.327798177642868,8.478550665772154,7.403899053621002,79.80202566934204,80.32802567944036
2.7179730076225495,3.7964244465406383,16.99671884905332,30.164910065282434,28.678841624389676
1.928223938631744,2.5446290053922382,11.663299571424016,18.333474327972066,17.292285195435444
3.134918159472546,8.26557437441021,15.470910251921167,77.95291845069248,78.9059267897931
3.2529345652256216,4.159460355948541,15.791945560896774,31.75975542588427,33.392088825500544
4.799630064144753,5.863402297389059,2.0505034690779578,60.08360892330762,59.51178763695582
3.7669296621190447,4.146407355883975,14.621956317984267,34.31837469147272,34.994058499266764
0.8989459156824847,3.2122363455814167,7.220705451157443,26.525212189769363,21.353487871775243
2.1077477336142145,6.237261079289931,8.730545401198572,56.08092738149511,52.406565315553365
4.534957485597767,3.3417673405463626,2.190947848637228,27.779177037873968,33.73028758982518
4.056753658403286,6.958009431796849,11.886092755021735,66.1974985018723,65.9711427554626
2.1590212853760105,2.385730719809945,17.435110417772858,16.45930375901778,16.340713989942472
2.403040397385084,4.8876651590099796,1.0958248059734244,44.44291553727582,42.41818544593879
0.2567178019676347,9.97765569182123,9.164181455876435,92.59496220743465,97.75067874397779
2.723535887307827,8.618878011919005,1.8819893747617633,87.50225595216905,85.32460492755948
2.3454364379730244,3.7561615989734443,9.302626031209824,26.97878212614517,27.920498430659325
0.9933825409109553,4.689970466326389,18.099055127488985,33.65729203579348,33.969626275613116
2.8499686086970444,8.16026309790524,6.165056970912808,77.23582256434936,77.58136973362056
2.1634343907554,8.996686637421274,9.829279225729737,86.38722930834848,86.63048406423454
4.133681466151523,7.919414650072983,18.510044120934637,82.74567235552942,77.82189666204192
0.03873316556009365,8.143819931395392,8.386011264099821,72.59852615272014,72.81762558272712
2.397049782919471,3.2764380137817244,8.62429456480887,25.35468785277019,24.04824591054762
3.963326094753662,4.232264440052119,12.924244942004773,38.49516200435933,36.60041725535728
1.7961640697171237,2.5112896454777314,7.867427592504718,22.246062034081415,17.169248574560985
2.8729218978431383,5.607910563591872,10.204516151003705,38.99855487228712,47.043959856250815
3.6443647705594184,4.161853114641697,1.5878167493387352,31.303745676367036,37.92810574554662
2.9018148117509313,5.367134152193093,19.57548692211177,44.857352930707535,44.172756375559906
1.4072370047457683,2.079455522035794,8.373217892649219,17.377121152571902,13.574287411791794
1.4139744680396875,4.513749004502364,3.4045800301093654,28.546348159331448,34.56050762322611
2.253112932620004,3.1875037660680188,18.684235809167873,25.901616970503703,22.505863632257388
3.380059072165826,5.271993710580125,5.586475661070676,42.359062148179696,45.56353509873587
0.46373352136007406,5.52560640919082,13.283875302466388,43.616153861162516,42.07419454786183
2.6164372515069627,8.039755906516003,4.524655586920354,73.51770749427315,75.89471703591761
