dataset,method,family,seed,converged,n_iter,error,n_valid,rmse,mae,mse,r2,zzu_best_transform
exponential_multiplicative,identity,linearized_ols,0,,,,24,9.59559077936117,6.4232023470156525,92.07536240496113,0.7648785315005544,
exponential_multiplicative,log_no_smear,linearized_ols,0,,,,24,8.98749628134637,4.999646994836012,80.77508940721484,0.7937346414552363,
exponential_multiplicative,log_smear,linearized_ols,0,,,,24,9.234351907117794,5.457147073285813,85.27325514449005,0.7822482317786663,
exponential_multiplicative,reciprocal_no_smear,linearized_ols,0,,,,24,634.1929989997033,179.84129741116865,402200.75998023764,-1026.0503514526615,
exponential_multiplicative,reciprocal_smear,linearized_ols,0,,,,24,38.173888585181146,25.116614327658116,1457.2457697138234,-2.721188343878381,
exponential_multiplicative,power_0.5_smear,linearized_ols,0,,,,24,8.72097274476783,4.584725734659649,76.05536561498333,0.8057868165426455,
exponential_multiplicative,power_2_smear,linearized_ols,0,,,,24,16.90269499886139,14.440343254274815,285.70109822453384,0.27044043040511234,
exponential_multiplicative,boxcox_no_smear,linearized_ols,0,,,,24,9.128409408717083,5.152678140484458,83.32785833315455,0.7872159510810743,
exponential_multiplicative,boxcox_smear,linearized_ols,0,,,,24,9.46685906950986,5.648924567883168,89.6214206419611,0.7711448591680043,
exponential_multiplicative,yeojohnson_no_smear,linearized_ols,0,,,,24,9.219480062676746,5.1722078104942275,84.99881262609402,0.7829490417049977,
exponential_multiplicative,yeojohnson_smear,linearized_ols,0,,,,24,9.640455805093861,5.711399231034723,92.93838812996792,0.762674729413695,
exponential_multiplicative,GD,nonlinear,0,True,3643.0,,24,9.606394356569531,5.74246156753262,92.28281253393094,0.7643487917559607,
exponential_multiplicative,GN,nonlinear,0,True,23.0,,24,9.601674423984228,5.742196737647816,92.19215174419286,0.7645803010051427,
exponential_multiplicative,BFGS,nonlinear,0,True,14.0,,24,9.601674423968067,5.742196737632284,92.19215174388252,0.7645803010059352,
exponential_multiplicative,ZZU,zzu_hybrid,0,True,10.0,,24,9.619112026707226,5.775767205308767,92.52731618234361,0.763724433020174,log_smear
exponential_multiplicative,identity,linearized_ols,1,,,,24,8.00349267855847,6.882237915566584,64.05589505573903,0.45035034376832295,
exponential_multiplicative,log_no_smear,linearized_ols,1,,,,24,6.646074618685867,3.3777121825738203,44.170307837140484,0.6209842279589466,
exponential_multiplicative,log_smear,linearized_ols,1,,,,24,7.232249601988221,3.6826239101992955,52.30543430545879,0.5511784831040591,
exponential_multiplicative,reciprocal_no_smear,linearized_ols,1,,,,24,97.05957126175754,26.833651640093247,9420.560373516191,-79.83577266865487,
exponential_multiplicative,reciprocal_smear,linearized_ols,1,,,,24,16.156170824889273,9.441500320887016,261.0218557230033,-1.2397715798407076,
exponential_multiplicative,power_0.5_smear,linearized_ols,1,,,,24,5.687385634450513,3.911258953616816,32.34635535495407,0.7224429838076978,
exponential_multiplicative,power_2_smear,linearized_ols,1,,,,24,19.162937180871772,18.158266084298127,367.2181613980378,-2.1510189030818356,
exponential_multiplicative,boxcox_no_smear,linearized_ols,1,,,,24,6.437530919983386,3.336755454342704,41.44180434574214,0.6443969209635332,
exponential_multiplicative,boxcox_smear,linearized_ols,1,,,,24,6.963815055415437,3.6147122689565037,48.49472012603071,0.5838773898463225,
exponential_multiplicative,yeojohnson_no_smear,linearized_ols,1,,,,24,6.529166571095063,3.3191052188006354,42.630016113105256,0.6342011350972477,
exponential_multiplicative,yeojohnson_smear,linearized_ols,1,,,,24,7.133349182085219,3.6281662612986616,50.88467055355586,0.5633697467986861,
exponential_multiplicative,GD,nonlinear,1,False,5000.0,,24,7.201272016509115,3.6613118639788964,51.858318655757266,0.5550150849178406,
exponential_multiplicative,GN,nonlinear,1,True,25.0,,24,7.206091184322196,3.6592152552177666,51.92775015676608,0.5544193083600713,
exponential_multiplicative,BFGS,nonlinear,1,True,11.0,,24,7.206091184174602,3.6592152535045934,51.92775015463891,0.554419308378324,
exponential_multiplicative,ZZU,zzu_hybrid,1,True,11.0,,24,7.21766601897933,3.6650877945503377,52.09470276152893,0.5529867244935116,log_smear
exponential_multiplicative,identity,linearized_ols,2,,,,24,12.985512246869012,8.30213754273676,168.6235283135851,0.6918621777300596,
exponential_multiplicative,log_no_smear,linearized_ols,2,,,,24,9.016626156727362,4.52142892000878,81.29954725018005,0.8514355280562331,
exponential_multiplicative,log_smear,linearized_ols,2,,,,24,8.362725747212167,4.383549394133044,69.93518192308531,0.87220244485837,
exponential_multiplicative,reciprocal_no_smear,linearized_ols,2,,,,24,64.19288841804816,37.98705771420409,4120.726923451982,-6.5300987534804635,
exponential_multiplicative,reciprocal_smear,linearized_ols,2,,,,24,54.65813884151303,31.029687990642106,2987.512141618115,-4.459294408851759,
exponential_multiplicative,power_0.5_smear,linearized_ols,2,,,,24,11.702340394678021,6.273090948123593,136.94477071291294,0.7497510350971962,
exponential_multiplicative,power_2_smear,linearized_ols,2,,,,24,17.062933226067408,14.25863979431925,291.14369027723507,0.46797233110420233,
exponential_multiplicative,boxcox_no_smear,linearized_ols,2,,,,24,9.254797450309358,4.67085681523965,85.65127584625257,0.8434833034401646,
exponential_multiplicative,boxcox_smear,linearized_ols,2,,,,24,8.645204909758773,4.4789066387382865,74.73956793171719,0.8634230470077278,
exponential_multiplicative,yeojohnson_no_smear,linearized_ols,2,,,,24,9.21461584264302,4.653046951610417,84.90914512748775,0.8448394519314626,
exponential_multiplicative,yeojohnson_smear,linearized_ols,2,,,,24,8.522076266419987,4.3932047337853435,72.62578389067883,0.8672857156262093,
exponential_multiplicative,GD,nonlinear,2,False,5000.0,,24,8.635771731588893,4.468504685905234,74.57655340010983,0.863720935109526,
exponential_multiplicative,GN,nonlinear,2,True,18.0,,24,8.65801265705926,4.489739859805005,74.96118316979833,0.8630180736476806,
exponential_multiplicative,BFGS,nonlinear,2,True,15.0,,24,8.658012653741832,4.489739857676881,74.96118311235367,0.8630180737526534,
exponential_multiplicative,ZZU,zzu_hybrid,2,True,9.0,,24,8.68642754514181,4.483148050257302,75.45402349699836,0.8621174713019166,log_smear
exponential_multiplicative,identity,linearized_ols,3,,,,24,5.982699446604435,4.863094628110395,35.79269266840102,0.8435096491533078,
exponential_multiplicative,log_no_smear,linearized_ols,3,,,,24,3.309544339142766,2.4058656805650895,10.95308373275193,0.9521116801110421,
exponential_multiplicative,log_smear,linearized_ols,3,,,,24,3.460572219562704,2.4121056445416897,11.97556008680914,0.9476412792708137,
exponential_multiplicative,reciprocal_no_smear,linearized_ols,3,,,,24,90.52515977937044,31.085119904001143,8194.804553080548,-34.828761236614035,
exponential_multiplicative,reciprocal_smear,linearized_ols,3,,,,24,25.76864479326859,13.947818335909693,664.0230544816484,-1.9031959603828126,
exponential_multiplicative,power_0.5_smear,linearized_ols,3,,,,24,4.176555545737535,3.046923260690568,17.443616226630954,0.9237342200367492,
exponential_multiplicative,power_2_smear,linearized_ols,3,,,,24,17.83493543592672,15.79460287356968,318.08492200367465,-0.39070903395157974,
exponential_multiplicative,boxcox_no_smear,linearized_ols,3,,,,24,3.4359714378180386,2.503397894444283,11.80589972150136,0.9483830566592254,
exponential_multiplicative,boxcox_smear,linearized_ols,3,,,,24,3.7209127411615563,2.476511826112434,13.845191627338407,0.9394670047494177,
exponential_multiplicative,yeojohnson_no_smear,linearized_ols,3,,,,24,3.4679773416302124,2.54206284739563,12.026866842060556,0.9474169594018257,
exponential_multiplicative,yeojohnson_smear,linearized_ols,3,,,,24,3.7933538990277227,2.4808784254744043,14.389533803268828,0.9370870693005486,
exponential_multiplicative,GD,nonlinear,3,True,2778.0,,24,3.5539618789608722,2.4328098139722543,12.630645037107092,0.9447771618752253,
exponential_multiplicative,GN,nonlinear,3,True,23.0,,24,3.55451129330323,2.4329622703199374,12.634550534220201,0.9447600865291729,
exponential_multiplicative,BFGS,nonlinear,3,True,10.0,,24,3.5545112927299165,2.432962270212759,12.634550530144503,0.9447600865469923,
exponential_multiplicative,ZZU,zzu_hybrid,3,True,8.0,,24,3.5487356446852565,2.430402796158902,12.593524675859681,0.9449394569673822,log_smear
exponential_multiplicative,identity,linearized_ols,4,,,,24,15.379202479606048,10.093573293594652,236.5198689087208,0.5715309631033882,
exponential_multiplicative,log_no_smear,linearized_ols,4,,,,24,12.71712220383097,7.542854249287323,161.72519714717066,0.707025715077217,
exponential_multiplicative,log_smear,linearized_ols,4,,,,24,12.451649898517692,7.434216970990373,155.04358519525564,0.7191298306898413,
exponential_multiplicative,reciprocal_no_smear,linearized_ols,4,,,,24,44.82872068203786,22.79801214313494,2009.6141979881688,-2.6405290765574203,
exponential_multiplicative,reciprocal_smear,linearized_ols,4,,,,24,66.14743430120403,36.79917114511863,4375.483064632103,-6.9264335098370555,
exponential_multiplicative,power_0.5_smear,linearized_ols,4,,,,24,14.284510494970474,8.270210119566913,204.04724008092163,0.6303569554546603,
exponential_multiplicative,power_2_smear,linearized_ols,4,,,,24,18.646364788522522,15.500757959939945,347.6869198266525,0.3701456018599103,
exponential_multiplicative,boxcox_no_smear,linearized_ols,4,,,,24,13.015092628516525,7.542357667333561,169.3926361288652,0.6931357183885325,
exponential_multiplicative,boxcox_smear,linearized_ols,4,,,,24,12.79502145766615,7.456267657599092,163.7125741021372,0.7034254700163097,
exponential_multiplicative,yeojohnson_no_smear,linearized_ols,4,,,,24,12.913985560086804,7.574014068371412,166.7710230461305,0.697884917844196,
exponential_multiplicative,yeojohnson_smear,linearized_ols,4,,,,24,12.650352056355656,7.4770878321901195,160.0314071497418,0.7100941108625348,
exponential_multiplicative,GD,nonlinear,4,False,5000.0,,24,12.649424331608632,7.488481771684889,160.00793592109247,0.7101366303125098,
exponential_multiplicative,GN,nonlinear,4,True,23.0,,24,12.65447825330471,7.480030890848906,160.13581986336183,0.709904961362956,
exponential_multiplicative,BFGS,nonlinear,4,True,13.0,,24,12.654478253306863,7.480030890848066,160.1358198634163,0.7099049613628574,
exponential_multiplicative,ZZU,zzu_hybrid,4,True,9.0,,24,12.655195483549495,7.48033832325721,160.15397272685155,0.7098720764304036,log_smear
exponential_multiplicative,identity,linearized_ols,5,,,,24,7.6635511153978,6.055648218747156,58.730015698314865,0.40222598406123344,
exponential_multiplicative,log_no_smear,linearized_ols,5,,,,24,4.304245544930387,3.166075443533662,18.526529711053087,0.8114306979982155,
exponential_multiplicative,log_smear,linearized_ols,5,,,,24,4.538584134873484,3.2662100942247156,20.598745949325295,0.7903389784078692,
exponential_multiplicative,reciprocal_no_smear,linearized_ols,5,,,,24,27.71410097312454,9.237970249494401,768.0713927485427,-6.8176910990362956,
exponential_multiplicative,reciprocal_smear,linearized_ols,5,,,,24,225.3624219026363,68.58764041772405,50788.22120582185,-515.9397384217226,
exponential_multiplicative,power_0.5_smear,linearized_ols,5,,,,24,5.291035527216289,3.7937160849723295,27.995056950264953,0.7150568168488582,
exponential_multiplicative,power_2_smear,linearized_ols,5,,,,24,20.66131946134676,18.63180716187027,426.8901218838264,-3.3450324248833185,
exponential_multiplicative,boxcox_no_smear,linearized_ols,5,,,,24,4.304245544930387,3.166075443533662,18.526529711053087,0.8114306979982155,
exponential_multiplicative,boxcox_smear,linearized_ols,5,,,,24,4.538584134873484,3.2662100942247156,20.598745949325295,0.7903389784078692,
exponential_multiplicative,yeojohnson_no_smear,linearized_ols,5,,,,24,4.246952314761436,3.125653731805022,18.03660396385752,0.8164173283937749,
exponential_multiplicative,yeojohnson_smear,linearized_ols,5,,,,24,4.473953939196239,3.232165279609187,20.016263850049544,0.7962676787420409,
exponential_multiplicative,GD,nonlinear,5,True,3819.0,,24,4.549678173204523,3.2625330737630276,20.699571479733642,0.7893127419680398,
exponential_multiplicative,GN,nonlinear,5,True,23.0,,24,4.548419915775853,3.2621702071049437,20.688123730226422,0.7894292610446146,
exponential_multiplicative,BFGS,nonlinear,5,True,16.0,,24,4.548419924498389,3.2621702087597284,20.688123809573927,0.7894292602369888,
exponential_multiplicative,ZZU,zzu_hybrid,5,True,9.0,,24,4.5264227485423545,3.2552530498396055,20.488502898521727,0.7914610695638924,log_smear
exponential_multiplicative,identity,linearized_ols,6,,,,24,10.580635818487751,7.891887037028784,111.94985432346596,0.7082477976770407,
exponential_multiplicative,log_no_smear,linearized_ols,6,,,,24,6.362994404900157,3.8879043618290443,40.487697796790705,0.8944851239817637,
exponential_multiplicative,log_smear,linearized_ols,6,,,,24,6.315595455920951,3.8953142504799154,39.88674596284937,0.8960512628758424,
exponential_multiplicative,reciprocal_no_smear,linearized_ols,6,,,,24,103.27726367715464,45.104729606897116,10666.193192640525,-26.797136254984334,
exponential_multiplicative,reciprocal_smear,linearized_ols,6,,,,24,50.37962486568643,25.877232116429997,2538.1066016072905,-5.61455251750294,
exponential_multiplicative,power_0.5_smear,linearized_ols,6,,,,24,8.65824352018541,5.124032407127815,74.96518085483264,0.8046334517886736,
exponential_multiplicative,power_2_smear,linearized_ols,6,,,,24,18.50976461375393,16.06055411871768,342.6113860565772,0.1071214247933523,
exponential_multiplicative,boxcox_no_smear,linearized_ols,6,,,,24,6.231783200774801,3.916036427164194,38.83512186145902,0.8987918975059691,
exponential_multiplicative,boxcox_smear,linearized_ols,6,,,,24,6.2205475206787355,3.8930382709395133,38.69521145702236,0.8991565176197599,
exponential_multiplicative,yeojohnson_no_smear,linearized_ols,6,,,,24,6.115164436139374,3.9220294949830716,37.39523608102379,0.9025443798122139,
exponential_multiplicative,yeojohnson_smear,linearized_ols,6,,,,24,6.092983032330563,3.875193595282871,37.124442232268144,0.9032500949042738,
exponential_multiplicative,GD,nonlinear,6,False,5000.0,,24,6.4062136527403695,3.9251904652539498,41.03957336455711,0.8930468826077388,
exponential_multiplicative,GN,nonlinear,6,True,24.0,,24,6.426166804164011,3.9339843460387294,41.295619794939505,0.8923796007214653,
exponential_multiplicative,BFGS,nonlinear,6,True,11.0,,24,6.426166810124863,3.933984344857229,41.29561987155035,0.89237960052181,
exponential_multiplicative,ZZU,zzu_hybrid,6,True,9.0,,24,6.409582423850928,3.911636705895772,41.08274684813873,0.8929343683128965,log_smear
exponential_multiplicative,identity,linearized_ols,7,,,,24,12.154959669380839,7.354756738562347,147.74304456427475,0.6944445148243157,
exponential_multiplicative,log_no_smear,linearized_ols,7,,,,24,8.794299726688175,4.421856770393559,77.33970768282772,0.8400495131661427,
exponential_multiplicative,log_smear,linearized_ols,7,,,,24,8.480500105825893,4.317243987757702,71.91888204491298,0.8512606196702139,
exponential_multiplicative,reciprocal_no_smear,linearized_ols,7,,,,24,60.113857186043575,27.524555799957216,3613.6758257840424,-6.473640965444693,
exponential_multiplicative,reciprocal_smear,linearized_ols,7,,,,24,38.23208177784865,21.705298629312647,1461.6920770681065,-2.0230054694161668,
exponential_multiplicative,power_0.5_smear,linearized_ols,7,,,,24,10.792957776488203,5.495496882092513,116.48793756505717,0.759084914049398,
exponential_multiplicative,power_2_smear,linearized_ols,7,,,,24,17.638919463695682,15.052337327216959,311.1314798467424,0.3565319399070508,
exponential_multiplicative,boxcox_no_smear,linearized_ols,7,,,,24,8.794299726688175,4.421856770393559,77.33970768282772,0.8400495131661427,
exponential_multiplicative,boxcox_smear,linearized_ols,7,,,,24,8.480500105825893,4.317243987757702,71.91888204491298,0.8512606196702139,
exponential_multiplicative,yeojohnson_no_smear,linearized_ols,7,,,,24,8.78023331422578,4.462203364415287,77.09249705224025,0.8405607830157151,
exponential_multiplicative,yeojohnson_smear,linearized_ols,7,,,,24,8.442608736990946,4.326617922549567,71.27764228591587,0.8525868027487619,
exponential_multiplicative,GD,nonlinear,7,False,5000.0,,24,8.507090516774864,4.3220072555978915,72.37058906060084,0.8503264196424372,
exponential_multiplicative,GN,nonlinear,7,True,23.0,,24,8.514721741770193,4.322790673775589,72.50048633977404,0.8500577719624207,
exponential_multiplicative,BFGS,nonlinear,7,True,11.0,,24,8.514721741620448,4.322790673756281,72.50048633722398,0.8500577719676946,
exponential_multiplicative,ZZU,zzu_hybrid,7,True,9.0,,24,8.517762465564408,4.322790673750282,72.55227741977787,0.8499506599922768,log_smear
exponential_multiplicative,identity,linearized_ols,8,,,,24,11.473391828984157,7.705948032068693,131.63872006140042,0.6428477470319445,
exponential_multiplicative,log_no_smear,linearized_ols,8,,,,24,8.538690081948957,4.371800572608506,72.90922831557347,0.8021881772861079,
exponential_multiplicative,log_smear,linearized_ols,8,,,,24,8.157442980852904,4.266628004246662,66.54387598586631,0.8194581714369928,
exponential_multiplicative,reciprocal_no_smear,linearized_ols,8,,,,24,44.725936225704054,19.31406371274962,2000.4093712657461,-4.4273599247450175,
exponential_multiplicative,reciprocal_smear,linearized_ols,8,,,,24,28.004377538563727,13.65159058178954,784.2451613224126,-1.1277548590183097,
exponential_multiplicative,power_0.5_smear,linearized_ols,8,,,,24,10.123777868341024,5.596233167784702,102.49087832751154,0.7219294741982303,
exponential_multiplicative,power_2_smear,linearized_ols,8,,,,24,18.512804345402554,16.606374832695654,342.7239247311557,0.07014728032380446,
exponential_multiplicative,boxcox_no_smear,linearized_ols,8,,,,24,8.538690081948957,4.371800572608506,72.90922831557347,0.8021881772861079,
exponential_multiplicative,boxcox_smear,linearized_ols,8,,,,24,8.157442980852904,4.266628004246662,66.54387598586631,0.8194581714369928,
exponential_multiplicative,yeojohnson_no_smear,linearized_ols,8,,,,24,8.508229577736504,4.3566173727530435,72.3899705474703,0.8035969883233369,
exponential_multiplicative,yeojohnson_smear,linearized_ols,8,,,,24,8.064400295659425,4.220281094223767,65.03455212863183,0.8235531551607658,
exponential_multiplicative,GD,nonlinear,8,False,5000.0,,24,8.231028472644342,4.293436236679604,67.74982971748183,0.8161862686714478,
exponential_multiplicative,GN,nonlinear,8,True,22.0,,24,8.237912341630603,4.3055866381076155,67.8631997483898,0.8158786816488837,
exponential_multiplicative,BFGS,nonlinear,8,True,11.0,,24,8.237912341513649,4.305586637856169,67.86319974646288,0.8158786816541116,
exponential_multiplicative,ZZU,zzu_hybrid,8,True,9.0,,24,8.248007841198381,4.297224215117382,68.02963334847,0.8154271265501216,log_smear
exponential_multiplicative,identity,linearized_ols,9,,,,24,10.693527492626881,6.19914011552665,114.35153023556695,0.7061853733863612,
exponential_multiplicative,log_no_smear,linearized_ols,9,,,,24,7.964067264480304,4.017393422864889,63.42636739316679,0.8370323998752531,
exponential_multiplicative,log_smear,linearized_ols,9,,,,24,7.57759217012319,4.036535177911131,57.41990309671228,0.8524653989868123,
exponential_multiplicative,reciprocal_no_smear,linearized_ols,9,,,,24,45.01649494942027,25.019572419184637,2026.4848175311806,-4.206846631388059,
exponential_multiplicative,reciprocal_smear,linearized_ols,9,,,,24,27.22610447104923,16.143073505833566,741.2607646684868,-0.9045941435654801,
exponential_multiplicative,power_0.5_smear,linearized_ols,9,,,,24,9.637223723296922,4.62935078428303,92.87608109287697,0.7613643557595862,
exponential_multiplicative,power_2_smear,linearized_ols,9,,,,24,16.345869546198198,14.280795135969045,267.1874512213297,0.3134890188638011,
exponential_multiplicative,boxcox_no_smear,linearized_ols,9,,,,24,7.964067264480304,4.017393422864889,63.42636739316679,0.8370323998752531,
exponential_multiplicative,boxcox_smear,linearized_ols,9,,,,24,7.57759217012319,4.036535177911131,57.41990309671228,0.8524653989868123,
exponential_multiplicative,yeojohnson_no_smear,linearized_ols,9,,,,24,7.829723546692904,4.082179565199525,61.304570817637305,0.8424841403749653,
exponential_multiplicative,yeojohnson_smear,linearized_ols,9,,,,24,7.386921285593904,4.121411322202562,54.566606079560295,0.8597966554727143,
exponential_multiplicative,GD,nonlinear,9,False,5000.0,,24,7.608732610644217,3.951592276349667,57.89281194028076,0.8512503078113018,
exponential_multiplicative,GN,nonlinear,9,True,24.0,,24,7.609790597604131,3.9223899155615647,57.90891293938424,0.8512089379316863,
exponential_multiplicative,BFGS,nonlinear,9,True,15.0,,24,7.609790597485373,3.92238991687251,57.90891293757678,0.8512089379363303,
exponential_multiplicative,ZZU,zzu_hybrid,9,True,10.0,,24,7.633649689971138,3.9512641496011476,58.27260758919645,0.8502744615192079,log_smear
exponential_additive,identity,linearized_ols,0,,,,24,9.422685031361091,6.717528613552131,88.78699320023635,0.7791924798256733,
exponential_additive,log_no_smear,linearized_ols,0,,,,24,46.00665243316667,26.870313049759478,2116.6120681062007,-4.263877569043966,
exponential_additive,log_smear,linearized_ols,0,,,,24,1076.8191299823852,640.9647340966532,1159539.4386960212,-2882.6997264382812,
exponential_additive,reciprocal_no_smear,linearized_ols,0,,,,24,31.594055118344844,24.414804207139003,998.184318821012,-1.4824199600801484,
exponential_additive,reciprocal_smear,linearized_ols,0,,,,24,31.59402656708757,24.41477124618341,998.1825147218352,-1.4824154734019648,
exponential_additive,power_0.5_smear,linearized_ols,0,,,,24,7.372155897713787,5.508212291872572,54.34868258019617,0.8648383350677226,
exponential_additive,power_2_smear,linearized_ols,0,,,,24,13.628989184306036,11.794420533197078,185.7493461859309,0.5380533676501533,
exponential_additive,boxcox_no_smear,linearized_ols,0,,,,24,7.465065339681491,5.769634564528036,55.72720052571393,0.8614100499316428,
exponential_additive,boxcox_smear,linearized_ols,0,,,,24,6.460715953876217,4.9214288928728145,41.74085063667067,0.8961931991742944,
exponential_additive,yeojohnson_no_smear,linearized_ols,0,,,,24,8.150560511925919,6.155528194412111,66.4316366585661,0.8347888083267041,
exponential_additive,yeojohnson_smear,linearized_ols,0,,,,24,7.493624113379455,5.619789077232379,56.154402352622014,0.860347626567437,
exponential_additive,GD,nonlinear,0,False,5000.0,,24,4.2766938885673005,3.5121030849439094,18.290110616508898,0.9545136756705181,
exponential_additive,GN,nonlinear,0,True,24.0,,24,4.272293072436064,3.5062590916626957,18.25248809678518,0.9546072404482346,
exponential_additive,BFGS,nonlinear,0,True,18.0,,24,4.272293072370992,3.5062590915151652,18.252488096229175,0.9546072404496174,
exponential_additive,ZZU,zzu_hybrid,0,True,11.0,,24,21.367811742725713,17.741599463279826,456.5833786725668,-0.13549338662857946,log_smear
exponential_additive,identity,linearized_ols,1,,,,24,9.127334380749462,7.811455823454057,83.30823289801117,0.6077533577009101,
exponential_additive,log_no_smear,linearized_ols,1,,,,24,19.40354532007252,8.395658070179076,376.49757098810824,-0.7726928409902005,
exponential_additive,log_smear,linearized_ols,1,,,,24,378.0172111414133,153.14887344857843,142897.01191913188,-671.813132268355,
exponential_additive,reciprocal_no_smear,linearized_ols,1,,,,24,19.842322466751956,13.465883142353732,393.7177608745695,-0.8537720024097728,
exponential_additive,reciprocal_smear,linearized_ols,1,,,,24,19.842314503538383,13.465882769298943,393.7174448573296,-0.853770514481186,
exponential_additive,power_0.5_smear,linearized_ols,1,,,,24,6.464535419416994,5.409341476326951,41.79021818889685,0.8032358604267973,
exponential_additive,power_2_smear,linearized_ols,1,,,,24,16.316794610682795,15.131498370481301,266.23778636720715,-0.25354810830674235,
exponential_additive,boxcox_no_smear,linearized_ols,1,,,,24,5.887310185366463,4.7691752463223684,34.6604212187197,0.8368056388813464,
exponential_additive,boxcox_smear,linearized_ols,1,,,,24,6.165776732778539,5.135855980487794,38.016802718473194,0.8210025264186822,
exponential_additive,yeojohnson_no_smear,linearized_ols,1,,,,24,6.378726175722584,5.258545866416297,40.68814762484846,0.808424825109962,
exponential_additive,yeojohnson_smear,linearized_ols,1,,,,24,6.595668528056692,5.5397028072943355,43.502843331997525,0.795172174059561,
exponential_additive,GD,nonlinear,1,False,5000.0,,24,4.673146480968339,3.810825383548725,21.838298032586767,0.8971770402656869,
exponential_additive,GN,nonlinear,1,True,21.0,,24,4.680148395830449,3.820920030039074,21.903789006994327,0.8968686840094245,
exponential_additive,BFGS,nonlinear,1,True,20.0,,24,4.680148391122373,3.820920023483304,21.903788962925336,0.896868684216918,
exponential_additive,ZZU,zzu_hybrid,1,True,34.0,,24,4.753218429913742,3.9593337511908913,22.593085442471658,0.8936232159091023,log_smear
exponential_additive,identity,linearized_ols,2,,,,24,8.505886993720514,7.040938825765451,72.3501135499438,0.7858719744639705,
exponential_additive,log_no_smear,linearized_ols,2,,,,24,58.78426191481976,29.963923755660357,3455.5894488701288,-9.227192597823805,
exponential_additive,log_smear,linearized_ols,2,,,,24,1823.5790780250823,977.8418310427622,3325440.653810809,-9841.003091622026,
exponential_additive,reciprocal_no_smear,linearized_ols,2,,,,24,29.156043413257656,22.631658756949545,850.074867515765,-1.5158889738756187,
exponential_additive,reciprocal_smear,linearized_ols,2,,,,24,29.156032398273823,22.631649575163777,850.0742252091928,-1.5158870728994995,
exponential_additive,power_0.5_smear,linearized_ols,2,,,,24,5.59926336678328,4.698712048768345,31.35175025060123,0.9072110871861213,
exponential_additive,power_2_smear,linearized_ols,2,,,,24,13.289634789960337,11.341503459511602,176.61439285052413,0.47729050630692826,
exponential_additive,boxcox_no_smear,linearized_ols,2,,,,24,5.592849309969107,4.7954724574607015,31.279963404021913,0.9074235481618305,
exponential_additive,boxcox_smear,linearized_ols,2,,,,24,4.898380122803654,4.064784714883433,23.994127827477943,0.9289867705237217,
exponential_additive,yeojohnson_no_smear,linearized_ols,2,,,,24,6.184039159697911,5.272002278640371,38.24234032867725,0.8868176368402826,
exponential_additive,yeojohnson_smear,linearized_ols,2,,,,24,5.695725873216368,4.798687860132247,32.44129322282636,0.9039864663260839,
exponential_additive,GD,nonlinear,2,False,5000.0,,24,4.741139238245143,4.090915596266469,22.478401276427736,0.9334727280116096,
exponential_additive,GN,nonlinear,2,True,25.0,,24,4.7265276768387565,4.083650725130949,22.34006387992277,0.933882152573894,
exponential_additive,BFGS,nonlinear,2,True,19.0,,24,4.726527676447538,4.083650724913003,22.34006387622456,0.9338821525848392,
exponential_additive,ZZU,zzu_hybrid,2,True,12.0,,24,19.090014291214345,16.188722701496904,364.4286456387679,-0.07856619030087675,log_smear
exponential_additive,identity,linearized_ols,3,,,,24,8.568700803480501,6.171006925494993,73.4226334595674,0.7443364740114304,
exponential_additive,log_no_smear,linearized_ols,3,,,,24,19.618705116421896,11.413694074843265,384.89359044511866,-0.3402304960607063,
exponential_additive,log_smear,linearized_ols,3,,,,24,328.02867593589934,162.01854364843112,107602.81223625928,-373.6816626750033,
exponential_additive,reciprocal_no_smear,linearized_ols,3,,,,24,23.748977631671654,16.63817362089232,564.0139385496406,-0.9639419814015358,
exponential_additive,reciprocal_smear,linearized_ols,3,,,,24,23.74897104356968,16.63817577332776,564.013625628311,-0.9639408917842516,
exponential_additive,power_0.5_smear,linearized_ols,3,,,,24,6.796459812085969,5.013245934273783,46.19186597729964,0.8391562005978551,
exponential_additive,power_2_smear,linearized_ols,3,,,,24,15.891334029281321,14.432402150279671,252.5344972301945,0.1206545318048774,
exponential_additive,boxcox_no_smear,linearized_ols,3,,,,24,6.580183201054368,4.816980585831813,43.29881095943811,0.8492300512879521,
exponential_additive,boxcox_smear,linearized_ols,3,,,,24,6.472067213382175,4.87778942815367,41.88765401453651,0.8541438134789457,
exponential_additive,yeojohnson_no_smear,linearized_ols,3,,,,24,6.887348966648015,4.958969732710417,47.43557578838749,0.8348255028194325,
exponential_additive,yeojohnson_smear,linearized_ols,3,,,,24,6.8212962035767895,4.9998704242998855,46.530081896931115,0.8379785055127822,
exponential_additive,GD,nonlinear,3,False,5000.0,,24,4.999472791972951,4.497464208578682,24.99472819767782,0.912966342379108,
exponential_additive,GN,nonlinear,3,True,21.0,,24,5.002795478433922,4.496747841127372,25.02796259903889,0.912850617515592,
exponential_additive,BFGS,nonlinear,3,True,21.0,,24,5.002795478346785,4.496747841124794,25.02796259816704,0.912850617518628,
exponential_additive,ZZU,zzu_hybrid,3,True,12.0,,24,17.108188668667957,14.455500170532135,292.6901195227387,-0.01917058069575961,log_smear
exponential_additive,identity,linearized_ols,4,,,,24,10.729681308468743,8.854272972491303,115.12606098130352,0.6979822228880592,
exponential_additive,log_no_smear,linearized_ols,4,,,,24,30.455466981214844,16.45123708413791,927.5354690438677,-1.433264876478348,
exponential_additive,log_smear,linearized_ols,4,,,,24,782.3033546407712,406.3779115595283,611998.5386822043,-1604.4960681628163,
exponential_additive,reciprocal_no_smear,linearized_ols,4,,,,24,28.628683850232544,20.938275888694374,819.6015389965656,-1.1501146900654229,
exponential_additive,reciprocal_smear,linearized_ols,4,,,,24,28.628687185523052,20.938288673417052,819.6017299665318,-1.1501151910495109,
exponential_additive,power_0.5_smear,linearized_ols,4,,,,24,8.744958624261036,7.087252365712629,76.47430134003747,0.7993799292702483,
exponential_additive,power_2_smear,linearized_ols,4,,,,24,15.298029899160834,14.008637479691473,234.02971879561883,0.3860544272398584,
exponential_additive,boxcox_no_smear,linearized_ols,4,,,,24,8.299511207253358,6.821208159946145,68.88188627932409,0.8192976116785803,
exponential_additive,boxcox_smear,linearized_ols,4,,,,24,7.975118330567389,6.617077531186646,63.60251238655197,0.8331473408714933,
exponential_additive,yeojohnson_no_smear,linearized_ols,4,,,,24,8.992944926348793,7.2054858697044155,80.8730584483425,0.7878403800788503,
exponential_additive,yeojohnson_smear,linearized_ols,4,,,,24,8.834830272885185,7.119782124525933,78.0542259506885,0.7952352089971315,
exponential_additive,GD,nonlinear,4,False,5000.0,,24,5.677504794368475,4.895042382361227,32.23406069007702,0.9154382658980276,
exponential_additive,GN,nonlinear,4,True,25.0,,24,5.696980345077609,4.907784673750488,32.4555850522006,0.9148571264509343,
exponential_additive,BFGS,nonlinear,4,True,17.0,,24,5.696980344789469,4.9077846735370985,32.455585048917534,0.914857126459547,
exponential_additive,ZZU,zzu_hybrid,4,True,45.0,,24,5.674534749925537,4.9077846738077975,32.20034462811248,0.9155267154636664,log_smear
exponential_additive,identity,linearized_ols,5,,,,24,7.634161485612159,6.243481879204627,58.280421588404046,0.5288456594388223,
exponential_additive,log_no_smear,linearized_ols,5,,,,24,7.616450609012944,6.246915931306918,58.01031987953363,0.5310292330825759,
exponential_additive,log_smear,linearized_ols,5,,,,24,108.46427921942626,60.6737402354315,11764.499866589662,-94.10732808044708,
exponential_additive,reciprocal_no_smear,linearized_ols,5,,,,24,17.797478370411778,13.894348645253897,316.7502363452751,-1.5606926762099627,
exponential_additive,reciprocal_smear,linearized_ols,5,,,,24,17.79748155037428,13.894360132656876,316.7503495359129,-1.5606935912730124,
exponential_additive,power_0.5_smear,linearized_ols,5,,,,24,5.183384968479675,4.354239833768115,26.86747973146105,0.7827961886614763,
exponential_additive,power_2_smear,linearized_ols,5,,,,24,15.239847290339705,13.88375916507627,232.25294543287444,-0.8775942309001696,
exponential_additive,boxcox_no_smear,linearized_ols,5,,,,24,5.145657235489413,4.105472133330247,26.477788385144546,0.7859465565601993,
exponential_additive,boxcox_smear,linearized_ols,5,,,,24,5.082747551840377,4.254864182064662,25.834322675739347,0.7911485035215585,
exponential_additive,yeojohnson_no_smear,linearized_ols,5,,,,24,5.141162377630751,4.110441297169476,26.43155059316588,0.7863203550982841,
exponential_additive,yeojohnson_smear,linearized_ols,5,,,,24,5.1681931395871405,4.295377485694622,26.710220328075582,0.7840675152661876,
exponential_additive,GD,nonlinear,5,False,5000.0,,24,4.790126148055813,3.7979424176857948,22.94530851428802,0.8145040580115991,
exponential_additive,GN,nonlinear,5,True,21.0,,24,4.797266525670759,3.8012698651424883,23.013766118321197,0.8139506286367665,
exponential_additive,BFGS,nonlinear,5,True,21.0,,24,4.797266521628878,3.8012698636010662,23.013766079541238,0.8139506289502739,
exponential_additive,ZZU,zzu_hybrid,5,True,30.0,,24,4.699990152009128,3.746720958044765,22.08990742898278,0.8214193465987101,log_smear
exponential_additive,identity,linearized_ols,6,,,,24,10.199552612453795,8.575126371168738,104.03087349421304,0.7018744692459857,
exponential_additive,log_no_smear,linearized_ols,6,,,,24,28.502710321136792,15.980585366512747,812.4044956506378,-1.3281408039534206,
exponential_additive,log_smear,linearized_ols,6,,,,24,652.9231781881371,353.8782150709599,426308.67661529774,-1220.6902176453123,
exponential_additive,reciprocal_no_smear,linearized_ols,6,,,,24,28.031089484170856,20.899551273796735,785.7419776695939,-1.2517329352376074,
exponential_additive,reciprocal_smear,linearized_ols,6,,,,24,28.0310601261424,20.899528773633623,785.7403317954103,-1.251728218588616,
exponential_additive,power_0.5_smear,linearized_ols,6,,,,24,7.60478362567758,6.109804931336007,57.83273399337384,0.8342663678807869,
exponential_additive,power_2_smear,linearized_ols,6,,,,24,14.57214682019074,13.187278353473438,212.3474629491951,0.3914671869065991,
exponential_additive,boxcox_no_smear,linearized_ols,6,,,,24,7.3656919853676515,5.824403408665071,54.253418423309256,0.8445237589630695,
exponential_additive,boxcox_smear,linearized_ols,6,,,,24,7.140435095201407,5.763330944610627,50.98581334878393,0.8538878685241755,
exponential_additive,yeojohnson_no_smear,linearized_ols,6,,,,24,7.8541200097462385,6.158200415912229,61.68720112749625,0.8232204637031384,
exponential_additive,yeojohnson_smear,linearized_ols,6,,,,24,7.7129570771651235,6.1516107985785835,59.48970687419156,0.8295179128986583,
exponential_additive,GD,nonlinear,6,False,5000.0,,24,5.27623914375424,4.516475389126929,27.838699502084477,0.9202214997740827,
exponential_additive,GN,nonlinear,6,True,29.0,,24,5.2829869833942755,4.514141715022351,27.909951466713352,0.920017310103663,
exponential_additive,BFGS,nonlinear,6,True,21.0,,24,5.28298698370641,4.5141417149314345,27.909951470011354,0.9200173100942118,
exponential_additive,ZZU,zzu_hybrid,6,True,40.0,,24,5.288357031824831,4.537564377559142,27.966720096051137,0.9198546259197948,log_smear
exponential_additive,identity,linearized_ols,7,,,,24,10.101662239883577,8.146317855360445,102.04358000868967,0.6977650816632794,
exponential_additive,log_no_smear,linearized_ols,7,,,,24,66.3381980521021,33.37404005829398,4400.756520799922,-12.034257398363442,
exponential_additive,log_smear,linearized_ols,7,,,,24,1947.408073219761,938.4993428386806,3792398.2036415017,-11231.408361998952,
exponential_additive,reciprocal_no_smear,linearized_ols,7,,,,24,27.273158240690147,20.15427463319117,743.8251604217248,-1.2030777105008865,
exponential_additive,reciprocal_smear,linearized_ols,7,,,,24,27.2731471778681,20.154265293824434,743.8245569856548,-1.2030759232306698,
exponential_additive,power_0.5_smear,linearized_ols,7,,,,24,7.3593617850163175,6.244433268675443,54.16020588275856,0.8395871116959874,
exponential_additive,power_2_smear,linearized_ols,7,,,,24,14.81088952951297,13.586554183625752,219.3624486554369,0.3502874776651971,
exponential_additive,boxcox_no_smear,linearized_ols,7,,,,24,6.93293283278217,5.940688584074453,48.065557663869015,0.8576383747599672,
exponential_additive,boxcox_smear,linearized_ols,7,,,,24,6.745167346372283,5.802000251808568,45.497282530566906,0.8652451485042213,
exponential_additive,yeojohnson_no_smear,linearized_ols,7,,,,24,7.530068028383796,6.376234137052779,56.70192451208783,0.8320589935889509,
exponential_additive,yeojohnson_smear,linearized_ols,7,,,,24,7.397817915636761,6.294758957667053,54.727709912916225,0.8379062657848987,
exponential_additive,GD,nonlinear,7,False,5000.0,,24,5.826691572756086,5.080806105615944,33.95033468402679,0.8994451524548885,
exponential_additive,GN,nonlinear,7,True,26.0,,24,5.820281901192113,5.077436382466124,33.87568140934448,0.8996662621648307,
exponential_additive,BFGS,nonlinear,7,True,22.0,,24,5.820281900841041,5.07743638221779,33.8756814052578,0.8996662621769347,
exponential_additive,ZZU,zzu_hybrid,7,True,5.0,,24,18.489331055495498,14.572454249088437,341.8553628797103,-0.012514728257483565,log_smear
exponential_additive,identity,linearized_ols,8,,,,24,9.331253007483868,6.953846500029385,87.07228268967673,0.6469231349737864,
exponential_additive,log_no_smear,linearized_ols,8,,,,24,21.371411196425314,13.733310033589035,456.7372165266932,-0.8520629018855745,
exponential_additive,log_smear,linearized_ols,8,,,,24,1097.0889523662524,458.71186618393216,1203604.1694040813,-4879.597748657123,
exponential_additive,reciprocal_no_smear,linearized_ols,8,,,,24,23.102483127346055,16.94446075802798,533.7247266493092,-1.1642461579183228,
exponential_additive,reciprocal_smear,linearized_ols,8,,,,24,23.102492796788418,16.944471133072593,533.7251734256607,-1.1642479695900585,
exponential_additive,power_0.5_smear,linearized_ols,8,,,,24,6.958494379055954,4.790124452972244,48.420644023353304,0.8036549787577492,
exponential_additive,power_2_smear,linearized_ols,8,,,,24,15.230459459112533,14.141758188321049,231.96689533567042,0.059377546275209525,
exponential_additive,boxcox_no_smear,linearized_ols,8,,,,24,6.7049558028232585,4.868697727477925,44.95643231781329,0.8177023078387886,
exponential_additive,boxcox_smear,linearized_ols,8,,,,24,6.41098089301209,4.573552811830761,41.100676010566104,0.8333373446979898,
exponential_additive,yeojohnson_no_smear,linearized_ols,8,,,,24,7.232326634432917,4.9177040993203285,52.30654854712777,0.7878976913103151,
exponential_additive,yeojohnson_smear,linearized_ols,8,,,,24,7.179382437538689,4.916098717241572,51.543532184438966,0.79099171178365,
exponential_additive,GD,nonlinear,8,False,5000.0,,24,5.203399053371881,4.3338320462403805,27.075361708631387,0.8902097942510039,
exponential_additive,GN,nonlinear,8,True,21.0,,24,5.201245025661658,4.328836344724131,27.05294981697014,0.890300674152192,
exponential_additive,BFGS,nonlinear,8,True,21.0,,24,5.201245025976644,4.328836346235906,27.05294982024678,0.8903006741389053,
exponential_additive,ZZU,zzu_hybrid,8,True,35.0,,24,5.113500213535658,4.2459154264506695,26.14788443382922,0.8939707013784455,log_smear
exponential_additive,identity,linearized_ols,9,,,,24,10.718602032056205,8.240074997533059,114.8884295215994,0.6977267623238823,
exponential_additive,log_no_smear,linearized_ols,9,,,,24,20.583933648754293,12.544465502087641,423.6983244563192,-0.11475685466898744,
exponential_additive,log_smear,linearized_ols,9,,,,24,459.284373626732,230.97875190345852,210942.13585769956,-553.9920269041089,
exponential_additive,reciprocal_no_smear,linearized_ols,9,,,,24,26.741804366109488,18.30416110800675,715.1241007552725,-0.8815025862537276,
exponential_additive,reciprocal_smear,linearized_ols,9,,,,24,26.741799696369316,18.30416217616658,715.123851000738,-0.8815019291456789,
exponential_additive,power_0.5_smear,linearized_ols,9,,,,24,9.000303973290714,6.755367094519592,81.00547161163261,0.7868733494270141,
exponential_additive,power_2_smear,linearized_ols,9,,,,24,16.48792938098246,14.720801483971291,271.8518152722647,0.2847536630742402,
exponential_additive,boxcox_no_smear,linearized_ols,9,,,,24,8.579014551483041,6.113993605816003,73.59949067455776,0.806358599990008,
exponential_additive,boxcox_smear,linearized_ols,9,,,,24,8.499623788744495,6.367267881282285,72.24360455019132,0.8099259573856917,
exponential_additive,yeojohnson_no_smear,linearized_ols,9,,,,24,9.18818920433775,6.676633601128931,84.42282085470876,0.7778822506342462,
exponential_additive,yeojohnson_smear,linearized_ols,9,,,,24,9.180983785301056,6.898906860407593,84.2904632659609,0.7782304855004414,
exponential_additive,GD,nonlinear,9,False,5000.0,,24,5.902997827797074,4.794547067285129,34.84538335497697,0.9083212566432185,
exponential_additive,GN,nonlinear,9,True,21.0,,24,5.939884248158438,4.810658480435367,35.28222488152073,0.9071719198202712,
exponential_additive,BFGS,nonlinear,9,True,18.0,,24,5.939884246979885,4.8106584801494305,35.28222486751979,0.9071719198571079,
exponential_additive,ZZU,zzu_hybrid,9,True,33.0,,24,5.955605770506154,4.83936781758532,35.4692400936862,0.9066798799002258,log_smear
michaelis_menten,identity,linearized_ols,0,,,,24,1.2518975758817432,0.9001070069912828,1.5672475404985853,0.6344609920645445,
michaelis_menten,log_no_smear,linearized_ols,0,,,,24,1.6064447283036607,1.4171890378142644,2.580664665094622,0.39809533777116557,
michaelis_menten,log_smear,linearized_ols,0,,,,24,1.73592586282971,1.5061817918091531,3.0134386012410737,0.29715674881733034,
michaelis_menten,reciprocal_no_smear,linearized_ols,0,,,,24,4.9114898207685,3.820343744165097,24.12273225951259,-4.62629667042237,
michaelis_menten,reciprocal_smear,linearized_ols,0,,,,24,89.93112253017499,26.429587310244912,8087.606799537349,-1885.3234362674023,
michaelis_menten,power_0.5_smear,linearized_ols,0,,,,24,1.3789441920809171,1.1058367203500836,1.9014870848736931,0.5565041994669901,
michaelis_menten,power_2_smear,linearized_ols,0,,,,24,1.1625429285790017,0.71479766243792,1.3515060607890417,0.6847797352277756,
michaelis_menten,boxcox_no_smear,linearized_ols,0,,,,24,1.1929744618558897,0.7293821185917008,1.4231880666403496,0.6680608898452683,
michaelis_menten,boxcox_smear,linearized_ols,0,,,,24,1.1625429285790017,0.71479766243792,1.3515060607890417,0.6847797352277756,
michaelis_menten,yeojohnson_no_smear,linearized_ols,0,,,,24,1.1924387262044107,0.7439636175357328,1.4219101157519978,0.6683589543742257,
michaelis_menten,yeojohnson_smear,linearized_ols,0,,,,24,1.1678238171750692,0.7310010337774958,1.3638124679613497,0.6819094344279516,
michaelis_menten,GD,nonlinear,0,False,5000.0,,24,2.238793106979243,2.0702205600869754,5.012194575857772,-0.16902568706897547,
michaelis_menten,GN,nonlinear,0,True,12.0,,24,0.32742112021225084,0.27590892711198717,0.1072045899610452,0.9749959987507646,
michaelis_menten,BFGS,nonlinear,0,True,14.0,,24,0.3274211197967404,0.27590892648252335,0.10720458968895141,0.9749959988142267,
michaelis_menten,ZZU,zzu_hybrid,0,True,14.0,,24,0.3280880904308984,0.2765349792508627,0.10764179508259338,0.9748940266485502,power_0.5_smear
michaelis_menten,identity,linearized_ols,1,,,,24,1.0614271736560852,0.8197530950066878,1.126627644975545,0.7191424472603029,
michaelis_menten,log_no_smear,linearized_ols,1,,,,24,1.2670825134789636,1.1415791757269023,1.6054980959641683,0.5997645999796788,
michaelis_menten,log_smear,linearized_ols,1,,,,24,1.2502716412285142,1.127915349517195,1.5631791768602428,0.6103143038744165,
michaelis_menten,reciprocal_no_smear,linearized_ols,1,,,,24,3.9643282067375725,2.5714815062926397,15.715898130735136,-2.917823877116438,
michaelis_menten,reciprocal_smear,linearized_ols,1,,,,24,62.83448803616625,22.0471581343679,3948.1728867671195,-983.2419362918334,
michaelis_menten,power_0.5_smear,linearized_ols,1,,,,24,1.0974972684012323,0.9220801607179849,1.2045002541481664,0.6997295467024153,
michaelis_menten,power_2_smear,linearized_ols,1,,,,24,1.0481632754314532,0.7288349300394548,1.098646251963192,0.7261179423129452,
michaelis_menten,boxcox_no_smear,linearized_ols,1,,,,24,1.077399253672937,0.7380100114329317,1.160789151815002,0.7106263086304554,
michaelis_menten,boxcox_smear,linearized_ols,1,,,,24,1.048163275431453,0.7288349300394547,1.0986462519631917,0.7261179423129454,
michaelis_menten,yeojohnson_no_smear,linearized_ols,1,,,,24,1.0675735985491464,0.7408615721147435,1.1397133883191737,0.7158802959473451,
michaelis_menten,yeojohnson_smear,linearized_ols,1,,,,24,1.0437822643026753,0.7351630957238006,1.0894814152728198,0.7284026489022042,
michaelis_menten,GD,nonlinear,1,False,5000.0,,24,2.7140001612270135,2.639021426289134,7.365796875140255,-0.8362230800527759,
michaelis_menten,GN,nonlinear,1,True,12.0,,24,0.25052937507337775,0.18550510378674376,0.06276496777465719,0.9843532907029289,
michaelis_menten,BFGS,nonlinear,1,True,14.0,,24,0.25052937218596066,0.185505102261089,0.0627649663278916,0.9843532910635938,
michaelis_menten,ZZU,zzu_hybrid,1,True,14.0,,24,0.2505525337089353,0.18550510226108896,0.06277657214796717,0.984350397843071,identity
michaelis_menten,identity,linearized_ols,2,,,,24,1.0610005771889015,0.8378215214028492,1.125722224795182,0.7319197539005187,
michaelis_menten,log_no_smear,linearized_ols,2,,,,24,1.4530572628918126,1.2519613648666643,2.111375409242646,0.4971956430715889,
michaelis_menten,log_smear,linearized_ols,2,,,,24,1.6289876425571974,1.3633822795075952,2.6536007396040553,0.36806973900488504,
michaelis_menten,reciprocal_no_smear,linearized_ols,2,,,,24,9.057885485959465,5.32730520594642,82.04528947675514,-18.53832029765025,
michaelis_menten,reciprocal_smear,linearized_ols,2,,,,24,36.774318093542455,20.77874294154137,1352.3504712450442,-321.04964880220126,
michaelis_menten,power_0.5_smear,linearized_ols,2,,,,24,1.182025738543009,0.993143990288693,1.3971848465781462,0.6672734629670443,
michaelis_menten,power_2_smear,linearized_ols,2,,,,24,1.0129198863940623,0.7088444378123503,1.02600669625256,0.7556660767880407,
michaelis_menten,boxcox_no_smear,linearized_ols,2,,,,24,1.0483399422501862,0.7256368722543606,1.0990166345171237,0.7382794410918028,
michaelis_menten,boxcox_smear,linearized_ols,2,,,,24,1.012919886394062,0.70884443781235,1.0260066962525594,0.7556660767880408,
michaelis_menten,yeojohnson_no_smear,linearized_ols,2,,,,24,1.040328197157072,0.734297909054049,1.0822827578000835,0.74226445772352,
michaelis_menten,yeojohnson_smear,linearized_ols,2,,,,24,1.0098394110800832,0.7192177040977645,1.0197756361705692,0.757149945617711,
michaelis_menten,GD,nonlinear,2,False,5000.0,,24,2.232080785654068,2.1253069094847596,4.982184633686081,-0.18646079227460133,
michaelis_menten,GN,nonlinear,2,True,12.0,,24,0.30067357629683455,0.2455352693782713,0.0904045994831284,0.9784709880073909,
michaelis_menten,BFGS,nonlinear,2,True,17.0,,24,0.30067357609834516,0.24553526927283467,0.09040459936376737,0.9784709880358156,
michaelis_menten,ZZU,zzu_hybrid,2,True,17.0,,24,0.30032148451505875,0.24540185482779275,0.09019299406132868,0.9785213798645493,identity
michaelis_menten,identity,linearized_ols,3,,,,24,1.149270581439413,0.8272667970308202,1.3208228693620867,0.5873292495055211,
michaelis_menten,log_no_smear,linearized_ols,3,,,,24,1.458452846284717,1.2381186307096652,2.1270847048359927,0.33542516421302015,
michaelis_menten,log_smear,linearized_ols,3,,,,24,1.4401484966607727,1.2357731977196635,2.0740276924342838,0.3520020100828851,
michaelis_menten,reciprocal_no_smear,linearized_ols,3,,,,24,2.969294442815623,2.517178921276423,8.816709488135741,-1.7546450063497114,
michaelis_menten,reciprocal_smear,linearized_ols,3,,,,24,18.883911445996798,8.78821381791428,356.6021115002489,-110.4148341872643,
michaelis_menten,power_0.5_smear,linearized_ols,3,,,,24,1.2439832129711608,0.9792565362266856,1.5474942341540523,0.5165092747806095,
michaelis_menten,power_2_smear,linearized_ols,3,,,,24,1.040912631328169,0.6385555031324733,1.0834991060585326,0.661477401982584,
michaelis_menten,boxcox_no_smear,linearized_ols,3,,,,24,1.0533665181598026,0.6272679638097632,1.1095810215801059,0.6533285094230392,
michaelis_menten,boxcox_smear,linearized_ols,3,,,,24,1.0409126313281691,0.6385555031324737,1.083499106058533,0.6614774019825839,
michaelis_menten,yeojohnson_no_smear,linearized_ols,3,,,,24,1.0593546161346654,0.6475566012135511,1.1222322027258242,0.6493758428398458,
michaelis_menten,yeojohnson_smear,linearized_ols,3,,,,24,1.0525657360256486,0.6596804395328685,1.1078946286552156,0.6538553969036287,
michaelis_menten,GD,nonlinear,3,False,5000.0,,24,2.7370038014755576,2.6134244919839063,7.4911898092916545,-1.340506810114531,
michaelis_menten,GN,nonlinear,3,True,12.0,,24,0.28113488111124096,0.2278817089680183,0.07903682137743158,0.97530616318729,
michaelis_menten,BFGS,nonlinear,3,True,15.0,,24,0.28113488112508095,0.2278817089394981,0.07903682138521341,0.9753061631848586,
michaelis_menten,ZZU,zzu_hybrid,3,True,15.0,,24,0.28102350346444527,0.2278817089394981,0.07897420949943108,0.9753257253036673,identity
michaelis_menten,identity,linearized_ols,4,,,,24,1.0444087629455103,0.7538554344508127,1.090789664117371,0.6738547400267352,
michaelis_menten,log_no_smear,linearized_ols,4,,,,24,1.352024333293439,1.1786987723368878,1.827969797817568,0.4534384542276554,
michaelis_menten,log_smear,linearized_ols,4,,,,24,1.4199735173732324,1.1959605763672039,2.0163247900413093,0.3971204582593105,
michaelis_menten,reciprocal_no_smear,linearized_ols,4,,,,24,4.996469790532474,3.4237875205683657,24.96471036770363,-6.464428955347941,
michaelis_menten,reciprocal_smear,linearized_ols,4,,,,24,281.19584407794514,64.33076837606556,79071.10272670805,-23641.198128126023,
michaelis_menten,power_0.5_smear,linearized_ols,4,,,,24,1.1349201053500744,0.9055470637884485,1.288043645527824,0.6148759532228374,
michaelis_menten,power_2_smear,linearized_ols,4,,,,24,0.9750391086919117,0.5968918837722464,0.9507012634787175,0.7157410627051799,
michaelis_menten,boxcox_no_smear,linearized_ols,4,,,,24,0.9993867046807033,0.5963015670052572,0.9987737854925554,0.701367416065926,
michaelis_menten,boxcox_smear,linearized_ols,4,,,,24,0.9750391086919121,0.5968918837722467,0.9507012634787184,0.7157410627051797,
michaelis_menten,yeojohnson_no_smear,linearized_ols,4,,,,24,0.9979319519894823,0.6096436598173823,0.9958681808015383,0.7022361896054132,
michaelis_menten,yeojohnson_smear,linearized_ols,4,,,,24,0.9787695776979295,0.6113591086062854,0.9579898862269832,0.7135617701804349,
michaelis_menten,GD,nonlinear,4,False,5000.0,,24,2.1479566172260602,2.0701704533132137,4.61371762948522,-0.37949797766856985,
michaelis_menten,GN,nonlinear,4,True,12.0,,24,0.2730176433763258,0.196056061142466,0.07453863359476261,0.9777130066120613,
michaelis_menten,BFGS,nonlinear,4,True,13.0,,24,0.2730176433558604,0.19605606112711685,0.07453863358358777,0.9777130066154025,
michaelis_menten,ZZU,zzu_hybrid,4,True,13.0,,24,0.27295278777374277,0.19600859115314118,0.07450322435345785,0.9777235939476318,identity
michaelis_menten,identity,linearized_ols,5,,,,24,1.1911615122992985,0.8018911908637806,1.418865748383152,0.6393319801557273,
michaelis_menten,log_no_smear,linearized_ols,5,,,,24,1.3381485556220971,1.0724269439567022,1.7906415569135046,0.5448285749946375,
michaelis_menten,log_smear,linearized_ols,5,,,,24,1.2932818088582252,0.9962264620331768,1.6725778371236029,0.5748397357267903,
michaelis_menten,reciprocal_no_smear,linearized_ols,5,,,,24,1.9371615501072945,1.7326531114895116,3.752594871214096,0.04611062532106658,
michaelis_menten,reciprocal_smear,linearized_ols,5,,,,24,4.5529712179315585,2.989396239352889,20.729546911313182,-4.269339009199429,
michaelis_menten,power_0.5_smear,linearized_ols,5,,,,24,1.225873260763272,0.8884879067090781,1.5027652514543772,0.6180051790308855,
michaelis_menten,power_2_smear,linearized_ols,5,,,,24,1.142134756676988,0.6997515499671807,1.3044718024096025,0.6684103041786082,
michaelis_menten,boxcox_no_smear,linearized_ols,5,,,,24,1.1677924648837203,0.7022559583259831,1.3637392410391953,0.6533448409689031,
michaelis_menten,boxcox_smear,linearized_ols,5,,,,24,1.1421347566769877,0.6997515499671807,1.304471802409602,0.6684103041786084,
michaelis_menten,yeojohnson_no_smear,linearized_ols,5,,,,24,1.165348471180095,0.7071507078510342,1.3580370592817845,0.6547943048139364,
michaelis_menten,yeojohnson_smear,linearized_ols,5,,,,24,1.1473413276042652,0.7098919645701319,1.3163921220287178,0.6653802232299093,
michaelis_menten,GD,nonlinear,5,False,5000.0,,24,2.7156591762651154,2.6049645705010045,7.374804761632926,-0.8746355905393177,
michaelis_menten,GN,nonlinear,5,True,13.0,,24,0.3360830408991607,0.2616356553122912,0.11295181038002693,0.9712882590660796,
michaelis_menten,BFGS,nonlinear,5,True,18.0,,24,0.3360830407798096,0.2616356551958086,0.11295181029980315,0.9712882590864721,
michaelis_menten,ZZU,zzu_hybrid,5,True,18.0,,24,0.3367920283174665,0.26266329665654625,0.11342887033819316,0.9711669929979863,identity
michaelis_menten,identity,linearized_ols,6,,,,24,1.3304576424544925,0.991819366700971,1.770117538365566,0.6530628626557109,
michaelis_menten,log_no_smear,linearized_ols,6,,,,24,1.4988199133709526,1.2536902400310035,2.2464611327173096,0.5597011059165078,
michaelis_menten,log_smear,linearized_ols,6,,,,24,1.5632934799261076,1.2835652936342015,2.4438865043794795,0.5210063911311553,
michaelis_menten,reciprocal_no_smear,linearized_ols,6,,,,24,3.529732307367848,2.6087434705582235,12.459010161676353,-1.4419244631780592,
michaelis_menten,reciprocal_smear,linearized_ols,6,,,,24,38.57232165366169,14.548756079089962,1487.8239977535384,-290.60854432828427,
michaelis_menten,power_0.5_smear,linearized_ols,6,,,,24,1.3837959163065048,1.0889739411074058,1.9148911379865592,0.6246877196909602,
michaelis_menten,power_2_smear,linearized_ols,6,,,,24,1.2869306314070441,0.8749477426704497,1.6561904500537334,0.6753921922217989,
michaelis_menten,boxcox_no_smear,linearized_ols,6,,,,24,1.3145764777670144,0.8806043617529004,1.72811131589833,0.6612959422436837,
michaelis_menten,boxcox_smear,linearized_ols,6,,,,24,1.286930631407044,0.8749477426704493,1.6561904500537328,0.6753921922217991,
michaelis_menten,yeojohnson_no_smear,linearized_ols,6,,,,24,1.3112233018586636,0.8903212105020364,1.7193065473371363,0.6630216475335258,
michaelis_menten,yeojohnson_smear,linearized_ols,6,,,,24,1.2890075181374085,0.8864649670729858,1.6615403818147616,0.6743436234290892,
michaelis_menten,GD,nonlinear,6,False,5000.0,,24,2.3288535838421893,2.1832120809102276,5.42355901497461,-0.06299948906811337,
michaelis_menten,GN,nonlinear,6,True,11.0,,24,0.40212310460379014,0.3434908668701882,0.16170299125619075,0.968306752703986,
michaelis_menten,BFGS,nonlinear,6,True,14.0,,24,0.40212310388556693,0.34349086558246594,0.16170299067856245,0.9683067528171992,
michaelis_menten,ZZU,zzu_hybrid,6,True,14.0,,24,0.40204993850147597,0.3433886014141249,0.1616441530490406,0.9683182847964673,identity
michaelis_menten,identity,linearized_ols,7,,,,24,1.3405857874282632,0.9640898496915987,1.7971702534546565,0.5667487509791698,
michaelis_menten,log_no_smear,linearized_ols,7,,,,24,1.6224675397598118,1.376074108250452,2.6324009175742566,0.36539624820170025,
michaelis_menten,log_smear,linearized_ols,7,,,,24,1.6765691665676017,1.3840571626684384,2.8108841702851826,0.3223685539597868,
michaelis_menten,reciprocal_no_smear,linearized_ols,7,,,,24,3.782384440218021,2.920455568964733,14.306432053603393,-2.448910610633862,
michaelis_menten,reciprocal_smear,linearized_ols,7,,,,24,30.224024759375133,12.293360823284027,913.491672655321,-219.2192070491171,
michaelis_menten,power_0.5_smear,linearized_ols,7,,,,24,1.439827751130655,1.1180133027021248,2.0731039529259596,0.500228275407601,
michaelis_menten,power_2_smear,linearized_ols,7,,,,24,1.236676993838061,0.7845699112512231,1.5293699870883435,0.6313084662695183,
michaelis_menten,boxcox_no_smear,linearized_ols,7,,,,24,1.2614694190187647,0.7833245676837682,1.59130509511954,0.6163775142013018,
michaelis_menten,boxcox_smear,linearized_ols,7,,,,24,1.2366769938380608,0.7845699112512228,1.5293699870883433,0.6313084662695183,
michaelis_menten,yeojohnson_no_smear,linearized_ols,7,,,,24,1.2654374450397368,0.8011356217029677,1.6013319273086968,0.6139603043897528,
michaelis_menten,yeojohnson_smear,linearized_ols,7,,,,24,1.2466263773565518,0.8036859446065526,1.55407732472112,0.625352166431591,
michaelis_menten,GD,nonlinear,7,False,5000.0,,24,2.331725930660579,2.180686506421354,5.436945815714942,-0.3107069633436417,
michaelis_menten,GN,nonlinear,7,True,12.0,,24,0.24740474307781757,0.19569555239016,0.061209106897400924,0.9852440680209503,
michaelis_menten,BFGS,nonlinear,7,True,17.0,,24,0.24740474312167085,0.19569555256617313,0.06120910691909994,0.9852440680157192,
michaelis_menten,ZZU,zzu_hybrid,7,True,17.0,,24,0.2474410620054721,0.19570399357050336,0.061227079166395894,0.9852397353719011,identity
michaelis_menten,identity,linearized_ols,8,,,,24,1.2127989908030075,0.9016272327646915,1.4708813920927934,0.6075764120750686,
michaelis_menten,log_no_smear,linearized_ols,8,,,,24,1.413138581442048,1.1983943786946971,1.9969606503600439,0.46722117257585494,
michaelis_menten,log_smear,linearized_ols,8,,,,24,1.3752933708214723,1.1390656597718913,1.8914318558254877,0.49537571202632813,
michaelis_menten,reciprocal_no_smear,linearized_ols,8,,,,24,2.504416015854357,2.147984635066059,6.272099580467811,-0.6733638989664759,
michaelis_menten,reciprocal_smear,linearized_ols,8,,,,24,156.91412876150633,38.801892018223164,24622.043804982586,-6568.034610090797,
michaelis_menten,power_0.5_smear,linearized_ols,8,,,,24,1.2665362127172257,0.9965666237870625,1.6041139781240936,0.5720306435855171,
michaelis_menten,power_2_smear,linearized_ols,8,,,,24,1.1384545114913074,0.7494138117477647,1.2960786747349116,0.6542128777298604,
michaelis_menten,boxcox_no_smear,linearized_ols,8,,,,24,1.1571135661552456,0.7410857501204191,1.3389118049805102,0.642785218950985,
michaelis_menten,boxcox_smear,linearized_ols,8,,,,24,1.1384545114913074,0.7494138117477647,1.2960786747349113,0.6542128777298604,
michaelis_menten,yeojohnson_no_smear,linearized_ols,8,,,,24,1.1589412281983775,0.758549340613988,1.343144770417964,0.6416558855503058,
michaelis_menten,yeojohnson_smear,linearized_ols,8,,,,24,1.1461928517830628,0.7684982036337779,1.3137580534785904,0.6494961104390545,
michaelis_menten,GD,nonlinear,8,False,5000.0,,24,2.4860889265749573,2.3922103178073657,6.180638150838624,-0.6489624600980692,
michaelis_menten,GN,nonlinear,8,True,12.0,,24,0.21178670387756446,0.1651159563423862,0.04485360793932317,0.9880332881675228,
michaelis_menten,BFGS,nonlinear,8,True,16.0,,24,0.21178670349046969,0.1651159564063561,0.04485360777536013,0.9880332882112672,
michaelis_menten,ZZU,zzu_hybrid,8,True,16.0,,24,0.21170145163209922,0.1652940059717369,0.04481750462313804,0.9880429203465343,identity
michaelis_menten,identity,linearized_ols,9,,,,24,0.7748214548084706,0.6746649455538432,0.6003482868315149,0.44077791697359425,
michaelis_menten,log_no_smear,linearized_ols,9,,,,24,1.4098280795468179,1.3028274465802776,1.9876152138786687,-0.8514558041408167,
michaelis_menten,log_smear,linearized_ols,9,,,,24,1.4072376427239317,1.2116855689721422,1.980317783099208,-0.8446582758880605,
michaelis_menten,reciprocal_no_smear,linearized_ols,9,,,,24,5.41829352671016,3.8844026170226176,29.357904741589223,-26.346773536292016,
michaelis_menten,reciprocal_smear,linearized_ols,9,,,,24,71.25997896348136,18.952659892542147,5077.984601875806,-4729.122811916939,
michaelis_menten,power_0.5_smear,linearized_ols,9,,,,24,0.9840287414372592,0.8808230413160171,0.9683125639745963,0.09802063081678525,
michaelis_menten,power_2_smear,linearized_ols,9,,,,24,0.533375278434499,0.41477028812661937,0.28448918764507924,0.73499943349048,
michaelis_menten,boxcox_no_smear,linearized_ols,9,,,,24,0.512259032242905,0.3975107943680379,0.26240931611443763,0.7555667475332802,
michaelis_menten,boxcox_smear,linearized_ols,9,,,,24,0.5333752784344991,0.41477028812661915,0.28448918764507936,0.7349994334904799,
michaelis_menten,yeojohnson_no_smear,linearized_ols,9,,,,24,0.5391062114710105,0.42013182206498767,0.29063550724662585,0.7292741608014159,
michaelis_menten,yeojohnson_smear,linearized_ols,9,,,,24,0.5613008302280214,0.4407749286619187,0.315058622014666,0.7065241248403581,
michaelis_menten,GD,nonlinear,9,False,5000.0,,24,2.5281764905101554,2.436440103278387,6.391676367168245,-4.953821557388079,
michaelis_menten,GN,nonlinear,9,True,13.0,,24,0.33713683947866957,0.2612399852307186,0.11366124853366621,0.8941249911783005,
michaelis_menten,BFGS,nonlinear,9,True,14.0,,24,0.33713683920930493,0.26123998494613815,0.11366124835204072,0.8941249913474839,
michaelis_menten,ZZU,zzu_hybrid,9,True,14.0,,24,0.33670664698032626,0.2608110567406082,0.11337136612073406,0.8943950155130882,identity
logistic_growth,identity,linearized_ols,0,,,,28,11.510508013603177,10.367196819328504,132.49179473122297,0.9180656214740849,
logistic_growth,log_no_smear,linearized_ols,0,,,log transform requires y > 0.,0,,,,,
logistic_growth,log_smear,linearized_ols,0,,,log transform requires y > 0.,0,,,,,
logistic_growth,reciprocal_no_smear,linearized_ols,0,,,,28,111.63101820550766,81.2138044386645,12461.484225598382,-6.706318475088814,
logistic_growth,reciprocal_smear,linearized_ols,0,,,,28,89.87122017937715,69.63599649873451,8076.836216530085,-3.9948040722029985,
logistic_growth,power_0.5_smear,linearized_ols,0,,,power transform requires y > 0 in this implementation.,0,,,,,
logistic_growth,power_2_smear,linearized_ols,0,,,power transform requires y > 0 in this implementation.,0,,,,,
logistic_growth,boxcox_no_smear,linearized_ols,0,,,Box--Cox requires y > 0.,0,,,,,
logistic_growth,boxcox_smear,linearized_ols,0,,,Box--Cox requires y > 0.,0,,,,,
logistic_growth,yeojohnson_no_smear,linearized_ols,0,,,,28,15.894134562908311,12.082118055962715,252.6235135038366,0.8437748494390939,
logistic_growth,yeojohnson_smear,linearized_ols,0,,,,28,16.00420926867086,12.148538422743588,256.13471431541024,0.8416034843597726,
logistic_growth,GD,nonlinear,0,False,5000.0,,28,5.185082533489006,4.167597671488649,26.885080879092772,0.9833739712114541,
logistic_growth,GN,nonlinear,0,True,7.0,,28,2.611851961511756,2.136223017524732,6.821770668852809,0.9957813422232474,
logistic_growth,BFGS,nonlinear,0,True,13.0,,28,2.611851966136348,2.136223021866318,6.821770693010307,0.9957813422083083,
logistic_growth,ZZU,zzu_hybrid,0,True,13.0,,28,2.5933752319154766,2.1042384126022644,6.725595093512652,0.9958408182535243,yeojohnson_smear
logistic_growth,identity,linearized_ols,1,,,,28,11.672088867084744,10.237197448199074,136.23765852112362,0.9102985062580006,
logistic_growth,log_no_smear,linearized_ols,1,,,log transform requires y > 0.,0,,,,,
logistic_growth,log_smear,linearized_ols,1,,,log transform requires y > 0.,0,,,,,
logistic_growth,reciprocal_no_smear,linearized_ols,1,,,,28,72.64153397595888,50.45574017424413,5276.792458380388,-2.4743416087839427,
logistic_growth,reciprocal_smear,linearized_ols,1,,,,28,58.10695816058333,40.82388114897036,3376.418586675782,-1.2230989141384008,
logistic_growth,power_0.5_smear,linearized_ols,1,,,power transform requires y > 0 in this implementation.,0,,,,,
logistic_growth,power_2_smear,linearized_ols,1,,,power transform requires y > 0 in this implementation.,0,,,,,
logistic_growth,boxcox_no_smear,linearized_ols,1,,,Box--Cox requires y > 0.,0,,,,,
logistic_growth,boxcox_smear,linearized_ols,1,,,Box--Cox requires y > 0.,0,,,,,
logistic_growth,yeojohnson_no_smear,linearized_ols,1,,,,28,12.310822217598853,9.976227495777524,151.55634367332553,0.9002123894292763,
logistic_growth,yeojohnson_smear,linearized_ols,1,,,,28,12.350564728621963,10.005152939726313,152.5364491158809,0.8995670691619124,
logistic_growth,GD,nonlinear,1,False,5000.0,,28,5.110985851141117,4.270468907756398,26.122176370564684,0.9828006568399126,
logistic_growth,GN,nonlinear,1,True,6.0,,28,3.3904163111923995,2.812230301875681,11.494922763199478,0.9924315218457161,
logistic_growth,BFGS,nonlinear,1,True,12.0,,28,3.3904163094464868,2.812230300267635,11.494922751360734,0.992431521853511,
logistic_growth,ZZU,zzu_hybrid,1,True,12.0,,28,3.388407034390248,2.820419947336596,11.481302230705316,0.9924404898661854,identity
logistic_growth,identity,linearized_ols,2,,,,28,10.438020000762767,8.92665192303479,108.95226153632358,0.9393679542881593,
logistic_growth,log_no_smear,linearized_ols,2,,,log transform requires y > 0.,0,,,,,
logistic_growth,log_smear,linearized_ols,2,,,log transform requires y > 0.,0,,,,,
logistic_growth,reciprocal_no_smear,linearized_ols,2,,,,28,1635.9130270137746,369.40808724019695,2676211.431953371,-1488.3144170545743,
logistic_growth,reciprocal_smear,linearized_ols,2,,,,28,95.45569061690398,67.41371718945744,9111.788871150091,-4.070719887425433,
logistic_growth,power_0.5_smear,linearized_ols,2,,,power transform requires y > 0 in this implementation.,0,,,,,
logistic_growth,power_2_smear,linearized_ols,2,,,power transform requires y > 0 in this implementation.,0,,,,,
logistic_growth,boxcox_no_smear,linearized_ols,2,,,Box--Cox requires y > 0.,0,,,,,
logistic_growth,boxcox_smear,linearized_ols,2,,,Box--Cox requires y > 0.,0,,,,,
logistic_growth,yeojohnson_no_smear,linearized_ols,2,,,,28,12.93538376161508,9.736083500119085,167.3241530602551,0.9068839365609488,
logistic_growth,yeojohnson_smear,linearized_ols,2,,,,28,12.971506123423344,9.874648060350397,168.25997111000933,0.9063631528528314,
logistic_growth,GD,nonlinear,2,False,5000.0,,28,4.540291509408405,3.6249140095280135,20.614246990406052,0.9885281503273727,
logistic_growth,GN,nonlinear,2,True,7.0,,28,3.082287757925411,2.5168621256155714,9.500497822656857,0.9947129631808833,
logistic_growth,BFGS,nonlinear,2,True,14.0,,28,3.0822877600267575,2.5168621268024842,9.500497835610767,0.9947129631736744,
logistic_growth,ZZU,zzu_hybrid,2,True,14.0,,28,3.0669311615058588,2.516862126802485,9.406066749415675,0.9947655141703593,identity
logistic_growth,identity,linearized_ols,3,,,,28,11.577710430955388,9.574087895531065,134.04337882305322,0.9156034533148288,
logistic_growth,log_no_smear,linearized_ols,3,,,log transform requires y > 0.,0,,,,,
logistic_growth,log_smear,linearized_ols,3,,,log transform requires y > 0.,0,,,,,
logistic_growth,reciprocal_no_smear,linearized_ols,3,,,,28,93.80990138490986,58.17631014949471,8800.297597846513,-4.540853517580225,
logistic_growth,reciprocal_smear,linearized_ols,3,,,,28,77.23533272481373,54.65849224079513,5965.296621112683,-2.755876934728875,
logistic_growth,power_0.5_smear,linearized_ols,3,,,power transform requires y > 0 in this implementation.,0,,,,,
logistic_growth,power_2_smear,linearized_ols,3,,,power transform requires y > 0 in this implementation.,0,,,,,
logistic_growth,boxcox_no_smear,linearized_ols,3,,,Box--Cox requires y > 0.,0,,,,,
logistic_growth,boxcox_smear,linearized_ols,3,,,Box--Cox requires y > 0.,0,,,,,
logistic_growth,yeojohnson_no_smear,linearized_ols,3,,,,28,13.593374117023494,11.070934930920572,184.77981988536425,0.8836587168097361,
logistic_growth,yeojohnson_smear,linearized_ols,3,,,,28,13.577198625251695,11.180803643868389,184.3403225095365,0.8839354336541094,
logistic_growth,GD,nonlinear,3,False,5000.0,,28,5.140315413263721,4.372004490051885,26.422842547836577,0.9833636194176575,
logistic_growth,GN,nonlinear,3,True,7.0,,28,2.8441904136517637,2.4595966197245493,8.089419109108592,0.9949067306159222,
logistic_growth,BFGS,nonlinear,3,True,14.0,,28,2.84419041210811,2.4595966194271672,8.089419100327701,0.9949067306214509,
logistic_growth,ZZU,zzu_hybrid,3,True,14.0,,28,2.836905578422161,2.445438733758011,8.048033260882777,0.9949327880213872,identity
logistic_growth,identity,linearized_ols,4,,,,28,10.853971143286,9.795551108089368,117.80868957928519,0.9268708726420385,
logistic_growth,log_no_smear,linearized_ols,4,,,log transform requires y > 0.,0,,,,,
logistic_growth,log_smear,linearized_ols,4,,,log transform requires y > 0.,0,,,,,
logistic_growth,reciprocal_no_smear,linearized_ols,4,,,,28,86.31402540512217,54.4057673006287,7450.110981636074,-3.624617392423744,
logistic_growth,reciprocal_smear,linearized_ols,4,,,,28,123.07417891246386,70.09378912802914,15147.253514977167,-8.402578327421342,
logistic_growth,power_0.5_smear,linearized_ols,4,,,power transform requires y > 0 in this implementation.,0,,,,,
logistic_growth,power_2_smear,linearized_ols,4,,,power transform requires y > 0 in this implementation.,0,,,,,
logistic_growth,boxcox_no_smear,linearized_ols,4,,,Box--Cox requires y > 0.,0,,,,,
logistic_growth,boxcox_smear,linearized_ols,4,,,Box--Cox requires y > 0.,0,,,,,
logistic_growth,yeojohnson_no_smear,linearized_ols,4,,,,28,12.913365416010912,10.631043008022143,166.75500636742666,0.8964877027172581,
logistic_growth,yeojohnson_smear,linearized_ols,4,,,,28,12.940325754117588,10.668228752171517,167.4520306226789,0.8960550285595541,
logistic_growth,GD,nonlinear,4,False,5000.0,,28,4.240467996871455,3.601011549909621,17.98156883249101,0.9888380352761482,
logistic_growth,GN,nonlinear,4,True,7.0,,28,3.244032255207135,2.562854628387487,10.523745272824288,0.9934674402110111,
logistic_growth,BFGS,nonlinear,4,True,12.0,,28,3.2440322608274954,2.562854634949556,10.52374530928955,0.9934674401883755,
logistic_growth,ZZU,zzu_hybrid,4,True,12.0,,28,3.2308886473547473,2.5608369537716262,10.43864145160579,0.9935202679625358,identity
logistic_growth,identity,linearized_ols,5,,,,28,11.503906102390474,10.348809803858193,132.3398556126168,0.9103893403356611,
logistic_growth,log_no_smear,linearized_ols,5,,,log transform requires y > 0.,0,,,,,
logistic_growth,log_smear,linearized_ols,5,,,log transform requires y > 0.,0,,,,,
logistic_growth,reciprocal_no_smear,linearized_ols,5,,,,28,152.3000303983416,90.98712677581246,23195.29925933577,-14.706123133647047,
logistic_growth,reciprocal_smear,linearized_ols,5,,,,28,92.51299096727914,73.77198868397802,8558.653497711872,-4.795280508794394,
logistic_growth,power_0.5_smear,linearized_ols,5,,,power transform requires y > 0 in this implementation.,0,,,,,
logistic_growth,power_2_smear,linearized_ols,5,,,power transform requires y > 0 in this implementation.,0,,,,,
logistic_growth,boxcox_no_smear,linearized_ols,5,,,Box--Cox requires y > 0.,0,,,,,
logistic_growth,boxcox_smear,linearized_ols,5,,,Box--Cox requires y > 0.,0,,,,,
logistic_growth,yeojohnson_no_smear,linearized_ols,5,,,,28,14.553372913112002,12.208119456708332,211.80066314810213,0.8565844200585903,
logistic_growth,yeojohnson_smear,linearized_ols,5,,,,28,14.537200771955524,12.275053873985792,211.33020628414428,0.8569029782867803,
logistic_growth,GD,nonlinear,5,False,5000.0,,28,4.829365369789694,3.663485262422138,23.322769874923946,0.9842075632921254,
logistic_growth,GN,nonlinear,5,True,7.0,,28,3.180284099348382,2.543474696780254,10.114206952568148,0.9931514149474796,
logistic_growth,BFGS,nonlinear,5,True,14.0,,28,3.1802840986128,2.543474695745754,10.11420694788943,0.9931514149506476,
logistic_growth,ZZU,zzu_hybrid,5,True,14.0,,28,3.1906023587655747,2.545849434467373,10.17994341176045,0.9931069031301971,yeojohnson_smear
logistic_growth,identity,linearized_ols,6,,,,28,10.407980949596135,9.25706458686953,108.32606744715608,0.9287318369327905,
logistic_growth,log_no_smear,linearized_ols,6,,,log transform requires y > 0.,0,,,,,
logistic_growth,log_smear,linearized_ols,6,,,log transform requires y > 0.,0,,,,,
logistic_growth,reciprocal_no_smear,linearized_ols,6,,,,28,120.38820324998925,68.19736190531792,14493.31948176072,-8.535214196852161,
logistic_growth,reciprocal_smear,linearized_ols,6,,,,28,114.92575730898925,77.05649153455776,13207.929693044696,-7.689550994762527,
logistic_growth,power_0.5_smear,linearized_ols,6,,,power transform requires y > 0 in this implementation.,0,,,,,
logistic_growth,power_2_smear,linearized_ols,6,,,power transform requires y > 0 in this implementation.,0,,,,,
logistic_growth,boxcox_no_smear,linearized_ols,6,,,Box--Cox requires y > 0.,0,,,,,
logistic_growth,boxcox_smear,linearized_ols,6,,,Box--Cox requires y > 0.,0,,,,,
logistic_growth,yeojohnson_no_smear,linearized_ols,6,,,,28,13.279398824676157,10.547532418266801,176.3424331448105,0.8839835916026065,
logistic_growth,yeojohnson_smear,linearized_ols,6,,,,28,13.225039773985817,10.557320284357676,174.90167702350683,0.8849314709506984,
logistic_growth,GD,nonlinear,6,False,5000.0,,28,4.597501802094809,3.959261997658625,21.137022820265013,0.9860938661892731,
logistic_growth,GN,nonlinear,6,True,6.0,,28,2.6936899816870077,2.201885669205225,7.255965717440953,0.9952262704615127,
logistic_growth,BFGS,nonlinear,6,True,12.0,,28,2.6936899776968053,2.201885663038145,7.255965695944215,0.9952262704756554,
logistic_growth,ZZU,zzu_hybrid,6,True,12.0,,28,2.720573786516936,2.2388721807858274,7.4015217278830985,0.995130508566596,identity
logistic_growth,identity,linearized_ols,7,,,,28,12.285780045838226,11.249807300886312,150.94039133471674,0.8814078217726354,
logistic_growth,log_no_smear,linearized_ols,7,,,log transform requires y > 0.,0,,,,,
logistic_growth,log_smear,linearized_ols,7,,,log transform requires y > 0.,0,,,,,
logistic_growth,reciprocal_no_smear,linearized_ols,7,,,,28,62.24897498381965,41.29426678360438,3874.9348865362044,-2.0444930254917093,
logistic_growth,reciprocal_smear,linearized_ols,7,,,,28,88.6213436714645,51.95790175068755,7853.742554135822,-5.170597733952541,
logistic_growth,power_0.5_smear,linearized_ols,7,,,power transform requires y > 0 in this implementation.,0,,,,,
logistic_growth,power_2_smear,linearized_ols,7,,,power transform requires y > 0 in this implementation.,0,,,,,
logistic_growth,boxcox_no_smear,linearized_ols,7,,,Box--Cox requires y > 0.,0,,,,,
logistic_growth,boxcox_smear,linearized_ols,7,,,Box--Cox requires y > 0.,0,,,,,
logistic_growth,yeojohnson_no_smear,linearized_ols,7,,,,28,12.629406434061504,10.676359773640373,159.50190687671412,0.8746811347137595,
logistic_growth,yeojohnson_smear,linearized_ols,7,,,,28,12.561081483094304,10.717581013143558,157.78076802493462,0.8760334142703405,
logistic_growth,GD,nonlinear,7,False,5000.0,,28,4.967019516252796,4.068412399566315,24.671282874836155,0.9806160488261743,
logistic_growth,GN,nonlinear,7,True,7.0,,28,2.7084610146998007,2.1035545901751713,7.335761068148673,0.9942363745294786,
logistic_growth,BFGS,nonlinear,7,True,13.0,,28,2.7084610085854584,2.1035545830001183,7.335761035027759,0.9942363745555013,
logistic_growth,ZZU,zzu_hybrid,7,True,13.0,,28,2.7332844730512433,2.1212518200958073,7.470844010623013,0.9941302413715628,identity
logistic_growth,identity,linearized_ols,8,,,,28,11.567846401193458,10.545382089316195,133.81507036160443,0.9058236972029454,
logistic_growth,log_no_smear,linearized_ols,8,,,log transform requires y > 0.,0,,,,,
logistic_growth,log_smear,linearized_ols,8,,,log transform requires y > 0.,0,,,,,
logistic_growth,reciprocal_no_smear,linearized_ols,8,,,,28,70.17285639380268,42.827436813365644,4924.229774465253,-2.465571949625294,
logistic_growth,reciprocal_smear,linearized_ols,8,,,,28,88.02133710662996,53.10010006199213,7747.755786038992,-4.452711663431591,
logistic_growth,power_0.5_smear,linearized_ols,8,,,power transform requires y > 0 in this implementation.,0,,,,,
logistic_growth,power_2_smear,linearized_ols,8,,,power transform requires y > 0 in this implementation.,0,,,,,
logistic_growth,boxcox_no_smear,linearized_ols,8,,,Box--Cox requires y > 0.,0,,,,,
logistic_growth,boxcox_smear,linearized_ols,8,,,Box--Cox requires y > 0.,0,,,,,
logistic_growth,yeojohnson_no_smear,linearized_ols,8,,,,28,13.37014773199917,11.01850986215814,178.76085037548256,0.8741917787904785,
logistic_growth,yeojohnson_smear,linearized_ols,8,,,,28,13.240745702594927,10.936787759022364,175.317346760786,0.8766152460294381,
logistic_growth,GD,nonlinear,8,False,5000.0,,28,3.8720826936156327,3.1186336588707166,14.993024386197694,0.9894482168516401,
logistic_growth,GN,nonlinear,8,True,6.0,,28,3.1451790556463313,2.5346408560167037,9.892151292076347,0.993038106747772,
logistic_growth,BFGS,nonlinear,8,True,12.0,,28,3.1451790700216478,2.534640860787788,9.892151382502238,0.9930381066841322,
logistic_growth,ZZU,zzu_hybrid,8,True,12.0,,28,3.144711211612135,2.5346408607877886,9.889208604439062,0.9930401777509948,yeojohnson_smear
logistic_growth,identity,linearized_ols,9,,,,28,12.265993633749613,10.692328650967044,150.45459982318604,0.9009324438177464,
logistic_growth,log_no_smear,linearized_ols,9,,,log transform requires y > 0.,0,,,,,
logistic_growth,log_smear,linearized_ols,9,,,log transform requires y > 0.,0,,,,,
logistic_growth,reciprocal_no_smear,linearized_ols,9,,,,28,416.2452139604014,264.669571134171,173260.07814494031,-113.08393326583004,
logistic_growth,reciprocal_smear,linearized_ols,9,,,,28,276.1557133903082,118.80518918637294,76261.97803811007,-49.215066888875334,
logistic_growth,power_0.5_smear,linearized_ols,9,,,power transform requires y > 0 in this implementation.,0,,,,,
logistic_growth,power_2_smear,linearized_ols,9,,,power transform requires y > 0 in this implementation.,0,,,,,
logistic_growth,boxcox_no_smear,linearized_ols,9,,,Box--Cox requires y > 0.,0,,,,,
logistic_growth,boxcox_smear,linearized_ols,9,,,Box--Cox requires y > 0.,0,,,,,
logistic_growth,yeojohnson_no_smear,linearized_ols,9,,,,28,13.344502334149642,10.859975350166147,178.07574254612524,0.8827451693061091,
logistic_growth,yeojohnson_smear,linearized_ols,9,,,,28,13.399123043045284,11.008751610079425,179.53649832266711,0.8817833276267508,
logistic_growth,GD,nonlinear,9,False,5000.0,,28,4.8135230943946965,3.844082236108374,23.17000458027109,0.9847435988451225,
logistic_growth,GN,nonlinear,9,True,6.0,,28,3.7718890879185056,3.099684090494724,14.227147291558696,0.990632066315845,
logistic_growth,BFGS,nonlinear,9,True,11.0,,28,3.7718890839806507,3.0996840855079526,14.227147261852393,0.9906320663354052,
logistic_growth,ZZU,zzu_hybrid,9,True,11.0,,28,3.748719340838516,3.06903423334827,14.05289669637676,0.9907468024598264,identity
multivariable_nonlinear,identity,linearized_ols,0,,,,100,5.8035139768912,4.597735769150642,33.680774479971504,0.9550811628973573,
multivariable_nonlinear,log_no_smear,linearized_ols,0,,,log transform requires y > 0.,0,,,,,
multivariable_nonlinear,log_smear,linearized_ols,0,,,log transform requires y > 0.,0,,,,,
multivariable_nonlinear,reciprocal_no_smear,linearized_ols,0,,,,100,124.18718133635322,58.701692360297955,15422.456008268276,-19.56837468419941,
multivariable_nonlinear,reciprocal_smear,linearized_ols,0,,,,100,103.44189649632075,67.34851389461079,10700.225950755535,-13.270506360513604,
multivariable_nonlinear,power_0.5_smear,linearized_ols,0,,,power transform requires y > 0 in this implementation.,0,,,,,
multivariable_nonlinear,power_2_smear,linearized_ols,0,,,power transform requires y > 0 in this implementation.,0,,,,,
multivariable_nonlinear,boxcox_no_smear,linearized_ols,0,,,Box--Cox requires y > 0.,0,,,,,
multivariable_nonlinear,boxcox_smear,linearized_ols,0,,,Box--Cox requires y > 0.,0,,,,,
multivariable_nonlinear,yeojohnson_no_smear,linearized_ols,0,,,,100,4.930753269317171,3.786029348990991,24.312327802881978,0.967575523157488,
multivariable_nonlinear,yeojohnson_smear,linearized_ols,0,,,,100,4.928232493654517,3.7891475791407685,24.287475511512213,0.967608667764312,
multivariable_nonlinear,GD,nonlinear,0,False,5000.0,,100,4.665407421971443,3.546069599221782,21.766026412986225,0.9709714337062485,
multivariable_nonlinear,GN,nonlinear,0,True,27.0,,100,4.416754769860083,3.4377539494750353,19.5077226970818,0.9739832521192522,
multivariable_nonlinear,BFGS,nonlinear,0,True,45.0,,100,4.416754770726234,3.4377539488334308,19.50772270473295,0.9739832521090481,
multivariable_nonlinear,ZZU,zzu_hybrid,0,True,45.0,,100,4.415107279729858,3.4362137606459204,19.493172291523585,0.9740026574716272,yeojohnson_smear
multivariable_nonlinear,identity,linearized_ols,1,,,,100,6.274065537068993,5.1536479064332275,39.36389836343683,0.9557662103545951,
multivariable_nonlinear,log_no_smear,linearized_ols,1,,,log transform requires y > 0.,0,,,,,
multivariable_nonlinear,log_smear,linearized_ols,1,,,log transform requires y > 0.,0,,,,,
multivariable_nonlinear,reciprocal_no_smear,linearized_ols,1,,,,100,171.82216532305185,60.83852847100959,29522.85649630216,-32.17526663471675,
multivariable_nonlinear,reciprocal_smear,linearized_ols,1,,,,100,97.64399068087488,62.38660838259158,9534.34891608678,-9.713887645635502,
multivariable_nonlinear,power_0.5_smear,linearized_ols,1,,,power transform requires y > 0 in this implementation.,0,,,,,
multivariable_nonlinear,power_2_smear,linearized_ols,1,,,power transform requires y > 0 in this implementation.,0,,,,,
multivariable_nonlinear,boxcox_no_smear,linearized_ols,1,,,Box--Cox requires y > 0.,0,,,,,
multivariable_nonlinear,boxcox_smear,linearized_ols,1,,,Box--Cox requires y > 0.,0,,,,,
multivariable_nonlinear,yeojohnson_no_smear,linearized_ols,1,,,,100,5.44225955097342,4.37065415735215,29.61818902016141,0.9667176068106971,
multivariable_nonlinear,yeojohnson_smear,linearized_ols,1,,,,100,5.4349140854066675,4.362901975487921,29.53829111575179,0.9668073892571442,
multivariable_nonlinear,GD,nonlinear,1,False,5000.0,,100,4.753734021744261,3.6199023675734376,22.59798714948887,0.974606310565304,
multivariable_nonlinear,GN,nonlinear,1,True,27.0,,100,4.592355696194329,3.5915392647162783,21.089730840368507,0.9763011602901207,
multivariable_nonlinear,BFGS,nonlinear,1,True,48.0,,100,4.592355696141835,3.5915392647839455,21.08973083988636,0.9763011602906625,
multivariable_nonlinear,ZZU,zzu_hybrid,1,True,48.0,,100,4.595180693476569,3.5917075645718812,21.115685605699795,0.9762719945398345,yeojohnson_smear
multivariable_nonlinear,identity,linearized_ols,2,,,,100,6.681127247057583,5.430329044892337,44.637461291375246,0.9494922394193511,
multivariable_nonlinear,log_no_smear,linearized_ols,2,,,log transform requires y > 0.,0,,,,,
multivariable_nonlinear,log_smear,linearized_ols,2,,,log transform requires y > 0.,0,,,,,
multivariable_nonlinear,reciprocal_no_smear,linearized_ols,2,,,,100,88.93235931536603,48.88058907980644,7908.964533397371,-7.949077199667288,
multivariable_nonlinear,reciprocal_smear,linearized_ols,2,,,,100,80.32298145301566,52.65660611113019,6451.781349501498,-6.3002589818493995,
multivariable_nonlinear,power_0.5_smear,linearized_ols,2,,,power transform requires y > 0 in this implementation.,0,,,,,
multivariable_nonlinear,power_2_smear,linearized_ols,2,,,power transform requires y > 0 in this implementation.,0,,,,,
multivariable_nonlinear,boxcox_no_smear,linearized_ols,2,,,Box--Cox requires y > 0.,0,,,,,
multivariable_nonlinear,boxcox_smear,linearized_ols,2,,,Box--Cox requires y > 0.,0,,,,,
multivariable_nonlinear,yeojohnson_no_smear,linearized_ols,2,,,,100,5.863273902115402,4.722760180491929,34.377980851227576,0.96110095028152,
multivariable_nonlinear,yeojohnson_smear,linearized_ols,2,,,,100,5.860377386703627,4.715320015671091,34.34402311458723,0.9611393738204596,
multivariable_nonlinear,GD,nonlinear,2,False,5000.0,,100,5.649660439467761,4.508833980348733,31.91866308128705,0.9638836944054536,
multivariable_nonlinear,GN,nonlinear,2,True,25.0,,100,5.572590084812727,4.3869500504694745,31.053760253353122,0.9648623411226955,
multivariable_nonlinear,BFGS,nonlinear,2,True,40.0,,100,5.5725900848160475,4.38695005011832,31.053760253390124,0.9648623411226536,
multivariable_nonlinear,ZZU,zzu_hybrid,2,,,Box--Cox requires y > 0.,0,,,,,
multivariable_nonlinear,identity,linearized_ols,3,,,,100,5.313438789394723,4.072191704917601,28.23263176864446,0.9711458868113125,
multivariable_nonlinear,log_no_smear,linearized_ols,3,,,log transform requires y > 0.,0,,,,,
multivariable_nonlinear,log_smear,linearized_ols,3,,,log transform requires y > 0.,0,,,,,
multivariable_nonlinear,reciprocal_no_smear,linearized_ols,3,,,,100,132.73940481607397,64.58673605021595,17619.74959092556,-17.007610952427562,
multivariable_nonlinear,reciprocal_smear,linearized_ols,3,,,,100,104.48937103591567,63.41075320714753,10918.028659481253,-10.158365869663013,
multivariable_nonlinear,power_0.5_smear,linearized_ols,3,,,power transform requires y > 0 in this implementation.,0,,,,,
multivariable_nonlinear,power_2_smear,linearized_ols,3,,,power transform requires y > 0 in this implementation.,0,,,,,
multivariable_nonlinear,boxcox_no_smear,linearized_ols,3,,,Box--Cox requires y > 0.,0,,,,,
multivariable_nonlinear,boxcox_smear,linearized_ols,3,,,Box--Cox requires y > 0.,0,,,,,
multivariable_nonlinear,yeojohnson_no_smear,linearized_ols,3,,,,100,4.465180175050449,3.5434336542877856,19.93783399566356,0.9796232769384589,
multivariable_nonlinear,yeojohnson_smear,linearized_ols,3,,,,100,4.447540709135848,3.5329269411530744,19.780618359420604,0.9797839533429952,
multivariable_nonlinear,GD,nonlinear,3,False,5000.0,,100,4.743568243281177,3.7759427586041,22.501439678665676,0.9770032389216468,
multivariable_nonlinear,GN,nonlinear,3,True,24.0,,100,4.3999689318647315,3.6346347102930054,19.359726601374863,0.9802141101390869,
multivariable_nonlinear,BFGS,nonlinear,3,True,37.0,,100,4.399968932333087,3.634634710362927,19.35972660549636,0.9802141101348747,
multivariable_nonlinear,ZZU,zzu_hybrid,3,True,37.0,,100,4.399761602439064,3.634634710362927,19.35790215829716,0.9802159747434037,yeojohnson_smear
multivariable_nonlinear,identity,linearized_ols,4,,,,100,6.250878510347686,4.8825379445923565,39.073482151126505,0.958074162320994,
multivariable_nonlinear,log_no_smear,linearized_ols,4,,,log transform requires y > 0.,0,,,,,
multivariable_nonlinear,log_smear,linearized_ols,4,,,log transform requires y > 0.,0,,,,,
multivariable_nonlinear,reciprocal_no_smear,linearized_ols,4,,,,100,259.5511917560991,97.55230735818661,67366.82114201134,-71.2845841388408,
multivariable_nonlinear,reciprocal_smear,linearized_ols,4,,,,100,1151.939600122743,195.18218220171428,1326964.842330945,-1422.832981410157,
multivariable_nonlinear,power_0.5_smear,linearized_ols,4,,,power transform requires y > 0 in this implementation.,0,,,,,
multivariable_nonlinear,power_2_smear,linearized_ols,4,,,power transform requires y > 0 in this implementation.,0,,,,,
multivariable_nonlinear,boxcox_no_smear,linearized_ols,4,,,Box--Cox requires y > 0.,0,,,,,
multivariable_nonlinear,boxcox_smear,linearized_ols,4,,,Box--Cox requires y > 0.,0,,,,,
multivariable_nonlinear,yeojohnson_no_smear,linearized_ols,4,,,,100,5.559843750871793,4.166350343183182,30.91186253410813,0.966831578359253,
multivariable_nonlinear,yeojohnson_smear,linearized_ols,4,,,,100,5.537539517769199,4.150706729121968,30.664343910855536,0.9670971657870866,
multivariable_nonlinear,GD,nonlinear,4,False,5000.0,,100,5.185290442108195,3.9199019372928414,26.8872369690186,0.9711500006976588,
multivariable_nonlinear,GN,nonlinear,4,True,31.0,,100,5.1322764215244385,4.011996189197294,26.340261266935695,0.9717369055046373,
multivariable_nonlinear,BFGS,nonlinear,4,True,43.0,,100,5.132276422144959,4.011996189440973,26.34026127330506,0.971736905497803,
multivariable_nonlinear,ZZU,zzu_hybrid,4,True,43.0,,100,5.134284562443999,4.0134526283095955,26.360877968150767,0.9717147837888077,yeojohnson_smear
multivariable_nonlinear,identity,linearized_ols,5,,,,100,5.78527498225329,4.652822544096587,33.4694066202858,0.9604371720199538,
multivariable_nonlinear,log_no_smear,linearized_ols,5,,,,100,12.695312429843447,8.26028061272488,161.17095769133752,0.8094863483281185,
multivariable_nonlinear,log_smear,linearized_ols,5,,,,100,14.115827270482791,8.513717921780477,199.25657953010563,0.7644668795811878,
multivariable_nonlinear,reciprocal_no_smear,linearized_ols,5,,,,100,181.62062566244413,59.6990849550852,32986.05166601766,-37.99147369444549,
multivariable_nonlinear,reciprocal_smear,linearized_ols,5,,,,100,83.63638214809535,57.47685677280464,6995.044418822242,-7.268558274556094,
multivariable_nonlinear,power_0.5_smear,linearized_ols,5,,,,100,5.58316554574446,4.3920783252526485,31.171737511188027,0.9631531534757829,
multivariable_nonlinear,power_2_smear,linearized_ols,5,,,,100,10.930727307625169,9.309499766606928,119.48079947366257,0.8587665933213804,
multivariable_nonlinear,boxcox_no_smear,linearized_ols,5,,,,100,5.18870369218137,4.115649899736735,26.92264600525659,0.96817583219333,
multivariable_nonlinear,boxcox_smear,linearized_ols,5,,,,100,5.193432086134435,4.111691206922793,26.971736833290674,0.9681178039167327,
multivariable_nonlinear,yeojohnson_no_smear,linearized_ols,5,,,,100,5.17779060973898,4.092811452920885,26.80951559830116,0.9683095590585975,
multivariable_nonlinear,yeojohnson_smear,linearized_ols,5,,,,100,5.180324856774142,4.0865832365881305,26.83576562171204,0.9682785299706766,
multivariable_nonlinear,GD,nonlinear,5,False,5000.0,,100,4.775887997893295,3.8184454737938585,22.80910616842123,0.9730382807810845,
multivariable_nonlinear,GN,nonlinear,5,True,25.0,,100,4.931391974698915,3.908037716581493,24.318626808124865,0.9712539376620544,
multivariable_nonlinear,BFGS,nonlinear,5,True,43.0,,100,4.931391974768158,3.908037716566874,24.3186268088078,0.9712539376612471,
multivariable_nonlinear,ZZU,zzu_hybrid,5,True,43.0,,100,4.930929144570772,3.908037716566873,24.31406222877745,0.9712593332661525,yeojohnson_smear
multivariable_nonlinear,identity,linearized_ols,6,,,,100,5.499580052698842,4.3238064880800415,30.245380756042994,0.9646555026415705,
multivariable_nonlinear,log_no_smear,linearized_ols,6,,,log transform requires y > 0.,0,,,,,
multivariable_nonlinear,log_smear,linearized_ols,6,,,log transform requires y > 0.,0,,,,,
multivariable_nonlinear,reciprocal_no_smear,linearized_ols,6,,,,100,118.64251689657954,58.60163978127141,14076.04681555516,-15.44914982232837,
multivariable_nonlinear,reciprocal_smear,linearized_ols,6,,,,100,104.62953621611119,62.85462829099989,10947.339848798523,-11.792969197135363,
multivariable_nonlinear,power_0.5_smear,linearized_ols,6,,,power transform requires y > 0 in this implementation.,0,,,,,
multivariable_nonlinear,power_2_smear,linearized_ols,6,,,power transform requires y > 0 in this implementation.,0,,,,,
multivariable_nonlinear,boxcox_no_smear,linearized_ols,6,,,Box--Cox requires y > 0.,0,,,,,
multivariable_nonlinear,boxcox_smear,linearized_ols,6,,,Box--Cox requires y > 0.,0,,,,,
multivariable_nonlinear,yeojohnson_no_smear,linearized_ols,6,,,,100,4.687151506227654,3.595808057690978,21.969389242332166,0.9743267566606258,
multivariable_nonlinear,yeojohnson_smear,linearized_ols,6,,,,100,4.694152812759404,3.607571968956498,22.03507062953702,0.9742500019444169,
multivariable_nonlinear,GD,nonlinear,6,False,5000.0,,100,4.7528908859802135,3.685519046811346,22.589971774033778,0.9736015491378859,
multivariable_nonlinear,GN,nonlinear,6,True,24.0,,100,4.36817019020889,3.43203637164755,19.080910810629565,0.9777022082418989,
multivariable_nonlinear,BFGS,nonlinear,6,True,43.0,,100,4.368170188886074,3.4320363714647555,19.080910799072996,0.9777022082554039,
multivariable_nonlinear,ZZU,zzu_hybrid,6,True,43.0,,100,4.3681745754133905,3.432101060094752,19.08094912128795,0.977702163472386,yeojohnson_smear
multivariable_nonlinear,identity,linearized_ols,7,,,,100,6.625567271199973,5.256818290761597,43.898141665196256,0.9366681403701506,
multivariable_nonlinear,log_no_smear,linearized_ols,7,,,,100,10.968960937294426,7.736949287654226,120.31810404389101,0.8264170421073048,
multivariable_nonlinear,log_smear,linearized_ols,7,,,,100,12.136869522285807,7.830169373274125,147.3036018009901,0.7874850579465904,
multivariable_nonlinear,reciprocal_no_smear,linearized_ols,7,,,,100,85.12068840850058,48.53335348286398,7245.531595137046,-9.453130190034146,
multivariable_nonlinear,reciprocal_smear,linearized_ols,7,,,,100,136.1668462059044,68.94901172595915,18541.41000566242,-25.749696713223024,
multivariable_nonlinear,power_0.5_smear,linearized_ols,7,,,,100,5.8933792592094605,4.660265580214369,34.731919092880254,0.9498922518989108,
multivariable_nonlinear,power_2_smear,linearized_ols,7,,,,100,10.795147120831272,9.31832394864254,116.53520136039171,0.8318746367265026,
multivariable_nonlinear,boxcox_no_smear,linearized_ols,7,,,,100,5.923756519084358,4.648268704901713,35.09089129739443,0.9493743626123734,
multivariable_nonlinear,boxcox_smear,linearized_ols,7,,,,100,5.917339152457134,4.641368006817662,35.01490264520211,0.9494839914593257,
multivariable_nonlinear,yeojohnson_no_smear,linearized_ols,7,,,,100,5.932569327969037,4.655407289071802,35.19537883115899,0.949223618422063,
multivariable_nonlinear,yeojohnson_smear,linearized_ols,7,,,,100,5.926678707552624,4.647930055794188,35.12552050255765,0.9493244030496835,
multivariable_nonlinear,GD,nonlinear,7,False,5000.0,,100,5.61592364021986,4.204350473718645,31.538598332780285,0.9544992565341908,
multivariable_nonlinear,GN,nonlinear,7,True,26.0,,100,5.408817932914692,4.018416840135465,29.255311431419567,0.957793355100698,
multivariable_nonlinear,BFGS,nonlinear,7,True,48.0,,100,5.408817933005208,4.018416840183603,29.255311432398734,0.9577933550992853,
multivariable_nonlinear,ZZU,zzu_hybrid,7,True,48.0,,100,5.409720199837827,4.018664514899898,29.26507264053342,0.9577792726019414,boxcox_smear
multivariable_nonlinear,identity,linearized_ols,8,,,,100,5.08417043192573,4.151653981816894,25.848788980867862,0.9679518114018247,
multivariable_nonlinear,log_no_smear,linearized_ols,8,,,log transform requires y > 0.,0,,,,,
multivariable_nonlinear,log_smear,linearized_ols,8,,,log transform requires y > 0.,0,,,,,
multivariable_nonlinear,reciprocal_no_smear,linearized_ols,8,,,,100,163.606609143961,67.52219399151764,26767.122555584825,-32.18676911815042,
multivariable_nonlinear,reciprocal_smear,linearized_ols,8,,,,100,97.15097374019237,62.61668816709896,9438.311698667549,-10.701932867769711,
multivariable_nonlinear,power_0.5_smear,linearized_ols,8,,,power transform requires y > 0 in this implementation.,0,,,,,
multivariable_nonlinear,power_2_smear,linearized_ols,8,,,power transform requires y > 0 in this implementation.,0,,,,,
multivariable_nonlinear,boxcox_no_smear,linearized_ols,8,,,Box--Cox requires y > 0.,0,,,,,
multivariable_nonlinear,boxcox_smear,linearized_ols,8,,,Box--Cox requires y > 0.,0,,,,,
multivariable_nonlinear,yeojohnson_no_smear,linearized_ols,8,,,,100,4.285863669634766,3.4221056152778577,18.36862739469519,0.9772259646101596,
multivariable_nonlinear,yeojohnson_smear,linearized_ols,8,,,,100,4.258848411889735,3.407473219962716,18.137789795455717,0.9775121647459359,
multivariable_nonlinear,GD,nonlinear,8,False,5000.0,,100,4.440019114564886,3.4737315010082828,19.713769737701558,0.9755582123788282,
multivariable_nonlinear,GN,nonlinear,8,True,25.0,,100,4.455853705208602,3.5928835673465587,19.85463224222123,0.975383566359063,
multivariable_nonlinear,BFGS,nonlinear,8,True,40.0,,100,4.45585370607442,3.5928835683056892,19.854632249937143,0.9753835663494966,
multivariable_nonlinear,ZZU,zzu_hybrid,8,True,40.0,,100,4.457886111458771,3.5944475615612506,19.872748582737007,0.9753611051173395,yeojohnson_smear
multivariable_nonlinear,identity,linearized_ols,9,,,,100,5.425097416352444,4.471236458709448,29.431681976913968,0.9581315855312433,
multivariable_nonlinear,log_no_smear,linearized_ols,9,,,log transform requires y > 0.,0,,,,,
multivariable_nonlinear,log_smear,linearized_ols,9,,,log transform requires y > 0.,0,,,,,
multivariable_nonlinear,reciprocal_no_smear,linearized_ols,9,,,,100,192.48063368037052,68.68438252354753,37048.79434199699,-51.70423478668965,
multivariable_nonlinear,reciprocal_smear,linearized_ols,9,,,,100,176.60609186280502,85.3356085362275,31189.711683053523,-43.369322043212414,
multivariable_nonlinear,power_0.5_smear,linearized_ols,9,,,power transform requires y > 0 in this implementation.,0,,,,,
multivariable_nonlinear,power_2_smear,linearized_ols,9,,,power transform requires y > 0 in this implementation.,0,,,,,
multivariable_nonlinear,boxcox_no_smear,linearized_ols,9,,,Box--Cox requires y > 0.,0,,,,,
multivariable_nonlinear,boxcox_smear,linearized_ols,9,,,Box--Cox requires y > 0.,0,,,,,
multivariable_nonlinear,yeojohnson_no_smear,linearized_ols,9,,,,100,4.664927818269089,3.769508974744874,21.761551549660805,0.9690428273695302,
multivariable_nonlinear,yeojohnson_smear,linearized_ols,9,,,,100,4.665851047938873,3.76916920829193,21.770166001552283,0.9690305727711523,
multivariable_nonlinear,GD,nonlinear,9,False,5000.0,,100,4.435261201345084,3.5346625951612882,19.67154192415704,0.9720159972112308,
multivariable_nonlinear,GN,nonlinear,9,True,28.0,,100,4.174721883344155,3.4242747095468076,17.428302803272565,0.9752071456253578,
multivariable_nonlinear,BFGS,nonlinear,9,True,44.0,,100,4.174721882546416,3.424274709286596,17.42830279661189,0.975207145634833,
multivariable_nonlinear,ZZU,zzu_hybrid,9,True,44.0,,100,4.17482993785537,3.4242747092865966,17.429205010013476,0.9752058621796549,yeojohnson_smear
